Video Title,Comment,Processed_Comment,English_Translation,Tokenized_POS,NOUNS,Aspect_with_Sentiment,Compound_Terms
@TanmayBhatYT & The OG Gang REACT To MAAMLA LEGAL HAI! üòÇ | Netflix India,"Pura dekh liya
Nice show paisa wasool ‚ù§",pura dekh liya nice show paisa wasool,Full watched Nice Show,"[('Full', 'ADV'), ('watched', 'VERB'), ('Nice', 'PROPN'), ('Show', 'PROPN')]",[],{},['Nice']
@TanmayBhatYT & The OG Gang REACT To MAAMLA LEGAL HAI! üòÇ | Netflix India,Fun ‚ù§üòÇ,fun,fun,"[('fun', 'NOUN')]",[],{'fun': 'Positive'},[]
@TanmayBhatYT & The OG Gang REACT To MAAMLA LEGAL HAI! üòÇ | Netflix India,Bhai perfect time pe toh show nikaley hain Netflix waley.. avi courts may v election ka campaigning chall raha hai.. aur haha YouTube pe ye chall raha hai,bhai perfect time pe toh show nikaley hain netflix waley avi court may v election ka campaigning chall raha hai aur haha youtube pe ye chall raha hai,"The show has come out on the perfect time, the poetry of Netflix is going on in the court and it is going on on YouTube.","[('The', 'DET'), ('show', 'NOUN'), ('has', 'AUX'), ('come', 'VERB'), ('out', 'ADP'), ('on', 'ADP'), ('the', 'DET'), ('perfect', 'ADJ'), ('time', 'NOUN'), (',', 'PUNCT'), ('the', 'DET'), ('poetry', 'NOUN'), ('of', 'ADP'), ('Netflix', 'PROPN'), ('is', 'AUX'), ('going', 'VERB'), ('on', 'ADP'), ('in', 'ADP'), ('the', 'DET'), ('court', 'NOUN'), ('and', 'CCONJ'), ('it', 'PRON'), ('is', 'AUX'), ('going', 'VERB'), ('on', 'ADP'), ('on', 'ADP'), ('YouTube', 'PROPN'), ('.', 'PUNCT')]","['show', 'time', 'poetry', 'court']","{'show': 'Neutral', 'time': 'Neutral', 'poetry': 'Neutral', 'court': 'Neutral'}",[]
@TanmayBhatYT & The OG Gang REACT To MAAMLA LEGAL HAI! üòÇ | Netflix India,"Is very funny too
Can you do more episodes if they have ?
Pleaseeee",funny episode pleaseeee,Funny episode pleaseeee,"[('Funny', 'ADJ'), ('episode', 'NOUN'), ('pleaseeee', 'NOUN')]","['episode', 'pleaseeee']","{'episode': 'Neutral', 'pleaseeee': 'Neutral'}",[]
@TanmayBhatYT & The OG Gang REACT To MAAMLA LEGAL HAI! üòÇ | Netflix India,sujhata didi op in chat !,sujhata didi op chat,Consumption sister you chat,"[('Consumption', 'NOUN'), ('sister', 'NOUN'), ('you', 'PRON'), ('chat', 'VERB')]","['consumption', 'sister']","{'Consumption': 'Neutral', 'sister': 'Neutral'}",[]
@TanmayBhatYT & The OG Gang REACT To MAAMLA LEGAL HAI! üòÇ | Netflix India,"i love this show man , can't wait for season 2 !",love show man cant wait season,love show man cant wait season,"[('love', 'NOUN'), ('show', 'PROPN'), ('man', 'NOUN'), ('ca', 'AUX'), ('nt', 'PART'), ('wait', 'VERB'), ('season', 'NOUN')]","['love', 'season']","{'love': 'Positive', 'man': 'Neutral', 'season': 'Neutral'}",['show']
@TanmayBhatYT & The OG Gang REACT To MAAMLA LEGAL HAI! üòÇ | Netflix India,"Vishal: system mai humne dala he nahi hai
China shocked üòÇ",vishal system mai humne dala nahi hai china shocked,We have not shocked China Shocade in a huge system,"[('We', 'PRON'), ('have', 'AUX'), ('not', 'PART'), ('shocked', 'VERB'), ('China', 'PROPN'), ('Shocade', 'PROPN'), ('in', 'ADP'), ('a', 'DET'), ('huge', 'ADJ'), ('system', 'NOUN')]",['system'],{'system': 'Neutral'},['China']
@TanmayBhatYT & The OG Gang REACT To MAAMLA LEGAL HAI! üòÇ | Netflix India,"5:51 That Outrageous, Preposturous, Line seems to be inspired from the lawyer Jacky of Jerry Seinfield.",outrageous preposturous line seems inspired lawyer jacky jerry seinfield,Outrageous Preposterous Line Seems Inspired Lawyer Jacky Jerry Seinfeld,"[('Outrageous', 'ADJ'), ('Preposterous', 'PROPN'), ('Line', 'PROPN'), ('Seems', 'VERB'), ('Inspired', 'PROPN'), ('Lawyer', 'PROPN'), ('Jacky', 'PROPN'), ('Jerry', 'PROPN'), ('Seinfeld', 'PROPN')]",[],{},"['Preposterous', 'Inspired', 'Lawyer', 'Jacky', 'Jerry']"
@TanmayBhatYT & The OG Gang REACT To MAAMLA LEGAL HAI! üòÇ | Netflix India,loved this series,loved series,Loveed series,"[('Loveed', 'PROPN'), ('series', 'NOUN')]",['series'],{'series': 'Neutral'},['Loveed']
@TanmayBhatYT & The OG Gang REACT To MAAMLA LEGAL HAI! üòÇ | Netflix India,We're is rider op üò≠,rider op,rider op,"[('rider', 'NOUN'), ('op', 'NOUN')]",['rider'],"{'rider': 'Neutral', 'op': 'Neutral'}",[]
@TanmayBhatYT & The OG Gang REACT To MAAMLA LEGAL HAI! üòÇ | Netflix India,anyone notice Tanmay's voice getting deep in recent videos ?,anyone notice tanmays voice getting deep recent video,Anyone Notice Tanmays Voice Getting Deep Recent Video,"[('Anyone', 'PRON'), ('Notice', 'PROPN'), ('Tanmays', 'PROPN'), ('Voice', 'PROPN'), ('Getting', 'VERB'), ('Deep', 'PROPN'), ('Recent', 'PROPN'), ('Video', 'NOUN')]","['anyone', 'video']",{'Video': 'Neutral'},"['Notice', 'Voice', 'Deep', 'Recent']"
@TanmayBhatYT & The OG Gang REACT To MAAMLA LEGAL HAI! üòÇ | Netflix India,One doller lawyer @140p,one doller lawyer p,One Dollar Lawyer P,"[('One', 'NUM'), ('Dollar', 'PROPN'), ('Lawyer', 'PROPN'), ('P', 'NOUN')]",['p'],{'P': 'Neutral'},"['Dollar', 'Lawyer']"
@TanmayBhatYT & The OG Gang REACT To MAAMLA LEGAL HAI! üòÇ | Netflix India,What happened to Nishant bhai?,happened nishant bhai,Happanede Nishant Bhai,"[('Happanede', 'PROPN'), ('Nishant', 'PROPN'), ('Bhai', 'PROPN')]",[],{},"['Happanede', 'Nishant']"
@TanmayBhatYT & The OG Gang REACT To MAAMLA LEGAL HAI! üòÇ | Netflix India,"13:43, Spoiler Alert: Series end mai sachi Australia jeet gayi! :(",spoiler alert series end mai sachi australia jeet gayi,Spiiler Alert Series and May Sachi Australia wins,"[('Spiiler', 'PROPN'), ('Alert', 'PROPN'), ('Series', 'PROPN'), ('and', 'CCONJ'), ('May', 'PROPN'), ('Sachi', 'PROPN'), ('Australia', 'PROPN'), ('wins', 'VERB')]",[],{},"['Spiiler', 'Alert', 'May', 'Sachi']"
@TanmayBhatYT & The OG Gang REACT To MAAMLA LEGAL HAI! üòÇ | Netflix India,Nishant tanwar ko lekar aao iss og gang mein...,nishant tanwar ko lekar aao i og gang mein,Bring Nishant Tanwar to the gang gang,"[('Bring', 'VERB'), ('Nishant', 'PROPN'), ('Tanwar', 'PROPN'), ('to', 'ADP'), ('the', 'DET'), ('gang', 'NOUN'), ('gang', 'NOUN')]","['gang', 'gang']",{'gang': 'Neutral'},['Nishant']
@TanmayBhatYT & The OG Gang REACT To MAAMLA LEGAL HAI! üòÇ | Netflix India,Judge court bhejta hai taki mahilaon ko dand mile na ki .... was hilarious üòÇ,judge court bhejta hai taki mahilaon ko dand mile na ki hilarious,The judge sends the court so that women are punished and not Hillaryus,"[('The', 'DET'), ('judge', 'NOUN'), ('sends', 'VERB'), ('the', 'DET'), ('court', 'NOUN'), ('so', 'SCONJ'), ('that', 'SCONJ'), ('women', 'NOUN'), ('are', 'AUX'), ('punished', 'VERB'), ('and', 'CCONJ'), ('not', 'PART'), ('Hillaryus', 'PROPN')]","['judge', 'court']","{'judge': 'Neutral', 'court': 'Neutral', 'women': 'Neutral'}",[]
@TanmayBhatYT & The OG Gang REACT To MAAMLA LEGAL HAI! üòÇ | Netflix India,Was expecting bassi,expecting basso,Expecting Basso,"[('Expecting', 'VERB'), ('Basso', 'NOUN')]",[],{'Basso': 'Neutral'},[]
@TanmayBhatYT & The OG Gang REACT To MAAMLA LEGAL HAI! üòÇ | Netflix India,Egregious bit is refrence to Seinfeld's Jackie chiles,egregious bit refrence seinfelds jackie chile,egregious bit reference Senfeld Jackie Chiles,"[('egregious', 'ADJ'), ('bit', 'NOUN'), ('reference', 'NOUN'), ('Senfeld', 'PROPN'), ('Jackie', 'PROPN'), ('Chiles', 'PROPN')]",['reference'],"{'bit': 'Neutral', 'reference': 'Neutral'}","['Senfeld', 'Jackie']"
@TanmayBhatYT & The OG Gang REACT To MAAMLA LEGAL HAI! üòÇ | Netflix India,FYI.. Yashpal Sharma played sad Sardar in Singh is King!,fyi yashpal sharma played sad sardar singh king,Fyi Yashpal Sharma Played Sad Sardar Singh King,"[('Fyi', 'PROPN'), ('Yashpal', 'PROPN'), ('Sharma', 'PROPN'), ('Played', 'PROPN'), ('Sad', 'PROPN'), ('Sardar', 'PROPN'), ('Singh', 'PROPN'), ('King', 'PROPN')]",[],{},"['Fyi', 'Yashpal', 'Played', 'Sad', 'Sardar', 'Singh']"
@TanmayBhatYT & The OG Gang REACT To MAAMLA LEGAL HAI! üòÇ | Netflix India,First Episode Completed üëç,first episode completed,First episode complete,"[('First', 'ADJ'), ('episode', 'NOUN'), ('complete', 'ADJ')]",['episode'],{'episode': 'Neutral'},[]
@TanmayBhatYT & The OG Gang REACT To MAAMLA LEGAL HAI! üòÇ | Netflix India,tanmay never looked so bored,tanmay never looked bored,Tanmay Never Looked Bored,"[('Tanmay', 'PROPN'), ('Never', 'ADV'), ('Looked', 'VERB'), ('Bored', 'PROPN')]",[],{},[]
@TanmayBhatYT & The OG Gang REACT To MAAMLA LEGAL HAI! üòÇ | Netflix India,Last me Kacha Badam song kaha hai ?,last kacha badam song kaha hai,Where is the last raw almond song,"[('Where', 'SCONJ'), ('is', 'AUX'), ('the', 'DET'), ('last', 'ADJ'), ('raw', 'ADJ'), ('almond', 'NOUN'), ('song', 'NOUN')]","['almond', 'song']","{'almond': 'Neutral', 'song': 'Neutral'}",[]
@TanmayBhatYT & The OG Gang REACT To MAAMLA LEGAL HAI! üòÇ | Netflix India,Tanmay second home is Netflixüì∫‚ù§üòÇ,tanmay second home netflix,Tanmay Second Home Netflix,"[('Tanmay', 'PROPN'), ('Second', 'PROPN'), ('Home', 'PROPN'), ('Netflix', 'PROPN')]",[],{},"['Tanmay', 'Second', 'Home']"
@TanmayBhatYT & The OG Gang REACT To MAAMLA LEGAL HAI! üòÇ | Netflix India,Vlog 100 nai aaya hai,vlog nai aaya hai,Vlog has come,"[('Vlog', 'PROPN'), ('has', 'AUX'), ('come', 'VERB')]",[],{},[]
@TanmayBhatYT & The OG Gang REACT To MAAMLA LEGAL HAI! üòÇ | Netflix India,And.....isme bhi Australia ( Mahender Phorey ) jit jata hai üòÆ‚Äçüí®ü•≤,andisme bhi australia mahender phorey jit jata hai,Undesisme also comes as Australia Mahender Forey,"[('Undesisme', 'PROPN'), ('also', 'ADV'), ('comes', 'VERB'), ('as', 'ADP'), ('Australia', 'PROPN'), ('Mahender', 'PROPN'), ('Forey', 'PROPN')]",[],{},"['Australia', 'Mahender']"
@TanmayBhatYT & The OG Gang REACT To MAAMLA LEGAL HAI! üòÇ | Netflix India,Bassi ko cast krne ka budget nhi tha,basso ko cast krne ka budget nhi tha,There was no budget to cast buses,"[('There', 'PRON'), ('was', 'VERB'), ('no', 'DET'), ('budget', 'NOUN'), ('to', 'ADP'), ('cast', 'ADJ'), ('buses', 'NOUN')]",['budget'],"{'budget': 'Neutral', 'buses': 'Neutral'}",[]
@TanmayBhatYT & The OG Gang REACT To MAAMLA LEGAL HAI! üòÇ | Netflix India,Nidhi Razdan wale pe koi react nahi kiya!,nidhi razdan wale pe koi react nahi kiya,Nidhi Razdan did not react to Nidhi Razdan,"[('Nidhi', 'PROPN'), ('Razdan', 'PROPN'), ('did', 'AUX'), ('not', 'PART'), ('react', 'VERB'), ('to', 'ADP'), ('Nidhi', 'PROPN'), ('Razdan', 'PROPN')]",[],{},"['Nidhi', 'Nidhi']"
@TanmayBhatYT & The OG Gang REACT To MAAMLA LEGAL HAI! üòÇ | Netflix India,"And like reality, AUSTRALIA won against INDIA in the web seriesüòÇüòÇüòÇ13:44",like reality australia india web series,Like Reality Australia India Web Series,"[('Like', 'ADP'), ('Reality', 'NOUN'), ('Australia', 'PROPN'), ('India', 'PROPN'), ('Web', 'PROPN'), ('Series', 'PROPN')]",['reality'],{'Reality': 'Neutral'},"['India', 'Web']"
@TanmayBhatYT & The OG Gang REACT To MAAMLA LEGAL HAI! üòÇ | Netflix India,Its a great homage to law in India with comedy being the core of it. How you can make fun of everything/anything in office is relatable. Mazza aa gaya,great homage law india comedy core make fun everythinganything office relatable mazza aa gaya,Great Homage Law India Comedy Core Make FUN EVERYTHING OFFICE RELATABLE MAZA AA GAYA,"[('Great', 'PROPN'), ('Homage', 'PROPN'), ('Law', 'PROPN'), ('India', 'PROPN'), ('Comedy', 'PROPN'), ('Core', 'PROPN'), ('Make', 'VERB'), ('FUN', 'PROPN'), ('EVERYTHING', 'PRON'), ('OFFICE', 'NOUN'), ('RELATABLE', 'ADJ'), ('MAZA', 'NOUN'), ('AA', 'PROPN'), ('GAYA', 'PROPN')]","['everything', 'office', 'maza']","{'OFFICE': 'Neutral', 'MAZA': 'Neutral'}","['Great', 'Homage', 'Law', 'India', 'Comedy', 'EVERYTHING', 'RELATABLE', 'AA']"
@TanmayBhatYT & The OG Gang REACT To MAAMLA LEGAL HAI! üòÇ | Netflix India,Nidhi bisht (didi) was bang on in this series üí•,nidhi bisht didi bang series,Nidhi Bisht Didi Bang Series,"[('Nidhi', 'PROPN'), ('Bisht', 'PROPN'), ('Didi', 'PROPN'), ('Bang', 'PROPN'), ('Series', 'PROPN')]",[],{},"['Nidhi', 'Bisht', 'Didi', 'Bang']"
@TanmayBhatYT & The OG Gang REACT To MAAMLA LEGAL HAI! üòÇ | Netflix India,"Bassi ko bulana chahiye, legends will know why...",basso ko bulana chahiye legend know,Buses should be called Legend Knov,"[('Buses', 'NOUN'), ('should', 'AUX'), ('be', 'AUX'), ('called', 'VERB'), ('Legend', 'PROPN'), ('Knov', 'PROPN')]",[],{'Buses': 'Neutral'},['Legend']
@TanmayBhatYT & The OG Gang REACT To MAAMLA LEGAL HAI! üòÇ | Netflix India,9:32 Ravi Kishan Sigma male üóøüóø,ravi kishan sigma male,Ravi Kishan Sigma Male,"[('Ravi', 'NOUN'), ('Kishan', 'PROPN'), ('Sigma', 'PROPN'), ('Male', 'PROPN')]",['ravi'],{'Ravi': 'Neutral'},"['Kishan', 'Sigma']"
@TanmayBhatYT & The OG Gang REACT To MAAMLA LEGAL HAI! üòÇ | Netflix India,Yooo subscribing netflix right now ‚ù§,yooo subscribing netflix right,Yooo subscribing netflix right,"[('Yooo', 'NOUN'), ('subscribing', 'VERB'), ('netflix', 'PROPN'), ('right', 'NOUN')]","['yooo', 'right']","{'Yooo': 'Neutral', 'right': 'Positive'}",[]
@TanmayBhatYT & The OG Gang REACT To MAAMLA LEGAL HAI! üòÇ | Netflix India,8:24 yaha aisa laga maano rohan joshi bol utha ho.,yaha aisa laga maano rohan joshi bol utha ho,It felt as if Rohan Joshi had spoken,"[('It', 'PRON'), ('felt', 'VERB'), ('as', 'SCONJ'), ('if', 'SCONJ'), ('Rohan', 'PROPN'), ('Joshi', 'PROPN'), ('had', 'AUX'), ('spoken', 'VERB')]",[],{},['Rohan']
@TanmayBhatYT & The OG Gang REACT To MAAMLA LEGAL HAI! üòÇ | Netflix India,"Biswas is the best person in this series
He know his limit",biswas best person series know limit,Biswas Best Person Series Know Limit,"[('Biswas', 'PROPN'), ('Best', 'PROPN'), ('Person', 'PROPN'), ('Series', 'PROPN'), ('Know', 'PROPN'), ('Limit', 'PROPN')]",[],{},"['Biswas', 'Best', 'Person', 'Series', 'Know']"
@TanmayBhatYT & The OG Gang REACT To MAAMLA LEGAL HAI! üòÇ | Netflix India,fukrey mein hai,fukrey mein hai,Is in fukre,"[('Is', 'AUX'), ('in', 'ADP'), ('fukre', 'ADJ')]",[],{},[]
@TanmayBhatYT & The OG Gang REACT To MAAMLA LEGAL HAI! üòÇ | Netflix India,The fact that I started Maamla legal hai and Suits this weak only is so funny,fact started maamla legal hai suit weak funny,Fact Started Maamla Legal Hai Suit Weak Funny,"[('Fact', 'NOUN'), ('Started', 'VERB'), ('Maamla', 'PROPN'), ('Legal', 'PROPN'), ('Hai', 'PROPN'), ('Suit', 'PROPN'), ('Weak', 'PROPN'), ('Funny', 'PROPN')]",['fact'],{'Fact': 'Neutral'},"['Maamla', 'Legal', 'Hai', 'Suit', 'Weak']"
@TanmayBhatYT & The OG Gang REACT To MAAMLA LEGAL HAI! üòÇ | Netflix India,"Tanmay saying she is too good, bhatt khandan ko unki bahu mil gayi finally üòÇüòÖ",tanmay saying good bhatt khandan ko unki bahu mil gayi finally,Tanmay Sying Good Bhatt Kandan got his daughter -in -law Finli,"[('Tanmay', 'PROPN'), ('Sying', 'PROPN'), ('Good', 'PROPN'), ('Bhatt', 'PROPN'), ('Kandan', 'PROPN'), ('got', 'VERB'), ('his', 'PRON'), ('daughter', 'NOUN'), ('-in', 'PROPN'), ('-law', 'PROPN'), ('Finli', 'PROPN')]",['daughter'],{'daughter': 'Neutral'},"['Tanmay', 'Sying', 'Good', '-in']"
@TanmayBhatYT & The OG Gang REACT To MAAMLA LEGAL HAI! üòÇ | Netflix India,8:03 8:05 Anganwadi ki hindi is so hilarious üòÜüòÖüòÇüòÇü§£ü§£ü§£ü§£ü§£,anganwadi ki hindi hilarious,Anganwadi ki hindi hilarious,"[('Anganwadi', 'PROPN'), ('ki', 'PROPN'), ('hindi', 'VERB'), ('hilarious', 'ADJ')]",[],{},['Anganwadi']
@TanmayBhatYT & The OG Gang REACT To MAAMLA LEGAL HAI! üòÇ | Netflix India,"There is serious loophole. How can someone who did law from Harvard can do law in India. I mean there whole different constituion, IPC and other provisions.",serious loophole someone law harvard law india mean whole different constituion ipc provision,Serious Loophole Someone Law Harvard Law India means Whole Different Constituion IPC Provision,"[('Serious', 'PROPN'), ('Loophole', 'PROPN'), ('Someone', 'PROPN'), ('Law', 'PROPN'), ('Harvard', 'PROPN'), ('Law', 'PROPN'), ('India', 'PROPN'), ('means', 'VERB'), ('Whole', 'PROPN'), ('Different', 'PROPN'), ('Constituion', 'NOUN'), ('IPC', 'PROPN'), ('Provision', 'PROPN')]",['constituion'],{'Constituion': 'Neutral'},"['Serious', 'Loophole', 'Someone', 'Law', 'Harvard', 'Law', 'IPC']"
@TanmayBhatYT & The OG Gang REACT To MAAMLA LEGAL HAI! üòÇ | Netflix India,"No Kannada Category. No netflix for me, bitch.",kannada category netflix bitch,Kannada Category Netflix Bitch,"[('Kannada', 'PROPN'), ('Category', 'PROPN'), ('Netflix', 'PROPN'), ('Bitch', 'PROPN')]",[],{},"['Kannada', 'Category', 'Netflix']"
@TanmayBhatYT & The OG Gang REACT To MAAMLA LEGAL HAI! üòÇ | Netflix India,Should have brought bassi for this episode cuz feels like Tanmay n gang cant relate to the humour at all XD. Complete episode mei gum-sum se baithe hai and cant even think what to say.,brought basso episode cuz feel like tanmay n gang cant relate humour xd complete episode mei gumsum se baithe hai cant even think say,Braghat Buso Episode Cuse Feel Like Tanmay Gang Chant Railte Humur Sad Complete Episode is seated from Gumsum,"[('Braghat', 'DET'), ('Buso', 'PROPN'), ('Episode', 'PROPN'), ('Cuse', 'PROPN'), ('Feel', 'PROPN'), ('Like', 'ADP'), ('Tanmay', 'PROPN'), ('Gang', 'PROPN'), ('Chant', 'PROPN'), ('Railte', 'PROPN'), ('Humur', 'PROPN'), ('Sad', 'PROPN'), ('Complete', 'PROPN'), ('Episode', 'PROPN'), ('is', 'AUX'), ('seated', 'VERB'), ('from', 'ADP'), ('Gumsum', 'PROPN')]",[],{},"['Buso', 'Episode', 'Tanmay', 'Gang', 'Chant', 'Railte', 'Humur', 'Sad', 'Complete']"
@TanmayBhatYT & The OG Gang REACT To MAAMLA LEGAL HAI! üòÇ | Netflix India,Court room drama is not...real but  court corridor  drama is real,court room drama notreal court corridor drama real,Courtroom Drama Not Real Court Corridor Drama Real,"[('Courtroom', 'NOUN'), ('Drama', 'PROPN'), ('Not', 'PART'), ('Real', 'PROPN'), ('Court', 'PROPN'), ('Corridor', 'PROPN'), ('Drama', 'PROPN'), ('Real', 'PROPN')]",['courtroom'],{'Courtroom': 'Neutral'},"['Real', 'Court', 'Corridor', 'Drama']"
@TanmayBhatYT & The OG Gang REACT To MAAMLA LEGAL HAI! üòÇ | Netflix India,5:32 Sacret Games broüíÄ,sacret game bro,Sacred Game Bro,"[('Sacred', 'PROPN'), ('Game', 'PROPN'), ('Bro', 'NOUN')]",['bro'],{'Bro': 'Neutral'},"['Sacred', 'Game']"
@TanmayBhatYT & The OG Gang REACT To MAAMLA LEGAL HAI! üòÇ | Netflix India,8:21macchli bano -- law school & law firms are same,macchli bano law school law firm,Macchli Bano Law School Law Firm,"[('Macchli', 'PROPN'), ('Bano', 'PROPN'), ('Law', 'PROPN'), ('School', 'PROPN'), ('Law', 'PROPN'), ('Firm', 'NOUN')]",['firm'],{'Firm': 'Negative'},"['Macchli', 'Bano', 'Law', 'School', 'Law']"
@TanmayBhatYT & The OG Gang REACT To MAAMLA LEGAL HAI! üòÇ | Netflix India,Spoiler,spoiler,spoiler,"[('spoiler', 'NOUN')]",['spoiler'],{'spoiler': 'Neutral'},[]
@TanmayBhatYT & The OG Gang REACT To MAAMLA LEGAL HAI! üòÇ | Netflix India,Netflix has been using Vishal's same image on every thumbnail üòÇ,netflix using vishals image every thumbnail,Netflix Using Vishals Image Every Thumbnail,"[('Netflix', 'PROPN'), ('Using', 'PROPN'), ('Vishals', 'PROPN'), ('Image', 'PROPN'), ('Every', 'DET'), ('Thumbnail', 'PROPN')]",[],{},['Vishals']
@TanmayBhatYT & The OG Gang REACT To MAAMLA LEGAL HAI! üòÇ | Netflix India,Netflix m jo  member hai wo bhi Netflix ka subscription lete hai kya ???,netflix jo member hai wo bhi netflix ka subscription lete hai kya,Does Netflix also take subscription of Netflix,"[('Does', 'AUX'), ('Netflix', 'PROPN'), ('also', 'ADV'), ('take', 'VERB'), ('subscription', 'NOUN'), ('of', 'ADP'), ('Netflix', 'PROPN')]",['subscription'],{'subscription': 'Neutral'},[]
@TanmayBhatYT & The OG Gang REACT To MAAMLA LEGAL HAI! üòÇ | Netflix India,jaise hi koi naya profession aata hai tvf wale pehle pahaunch jaate hn üòÇ,jaise hi koi naya profession aata hai tvf wale pehle pahaunch jaate hn,"As soon as a new profession comes, the people who reach the first time.","[('As', 'ADV'), ('soon', 'ADV'), ('as', 'SCONJ'), ('a', 'DET'), ('new', 'ADJ'), ('profession', 'NOUN'), ('comes', 'VERB'), (',', 'PUNCT'), ('the', 'DET'), ('people', 'NOUN'), ('who', 'PRON'), ('reach', 'VERB'), ('the', 'DET'), ('first', 'ADJ'), ('time', 'NOUN'), ('.', 'PUNCT')]","['profession', 'time']","{'profession': 'Neutral', 'people': 'Neutral', 'time': 'Neutral'}",[]
@TanmayBhatYT & The OG Gang REACT To MAAMLA LEGAL HAI! üòÇ | Netflix India,Ravi Kishan Tashan male actor ka role facial expressions se toh bilkul justify ni krta..uski smile tashanmei kuch aur hi look extend krte h,ravi kishan tashan male actor ka role facial expression se toh bilkul justify ni krtauski smile tashanmei kuch aur hi look extend krte h,Ravi Kishan Tashan Mail actor's roll facial expression extends some more look in the smile of Justified.,"[('Ravi', 'NOUN'), ('Kishan', 'PROPN'), ('Tashan', 'PROPN'), ('Mail', 'PROPN'), ('actor', 'NOUN'), (""'s"", 'PART'), ('roll', 'NOUN'), ('facial', 'ADJ'), ('expression', 'NOUN'), ('extends', 'VERB'), ('some', 'DET'), ('more', 'ADJ'), ('look', 'NOUN'), ('in', 'ADP'), ('the', 'DET'), ('smile', 'NOUN'), ('of', 'ADP'), ('Justified', 'PROPN'), ('.', 'PUNCT')]","['ravi', 'actor', 'roll', 'expression', 'look', 'smile']","{'Ravi': 'Neutral', 'actor': 'Neutral', 'roll': 'Neutral', 'expression': 'Neutral', 'look': 'Neutral', 'smile': 'Positive'}","['Kishan', 'Tashan', 'Mail']"
@TanmayBhatYT & The OG Gang REACT To MAAMLA LEGAL HAI! üòÇ | Netflix India,"Tanmay, Samay have common  ""May"" Netflix love may month",tanmay samay common may netflix love may month,Tanmay Samay Common May Netflix Love May Month,"[('Tanmay', 'PROPN'), ('Samay', 'PROPN'), ('Common', 'PROPN'), ('May', 'PROPN'), ('Netflix', 'PROPN'), ('Love', 'PROPN'), ('May', 'PROPN'), ('Month', 'PROPN')]",[],{},"['Tanmay', 'Samay', 'Common', 'May', 'Netflix', 'May']"
@TanmayBhatYT & The OG Gang REACT To MAAMLA LEGAL HAI! üòÇ | Netflix India,"7:42 nidhi razdan , harvard University üòÇüòÇüòÇ kis kis ko reference pta hai",nidhi razdan harvard university ki ki ko reference pta hai,Nidhi Razdan Harvard University Know Refrains,"[('Nidhi', 'PROPN'), ('Razdan', 'PROPN'), ('Harvard', 'PROPN'), ('University', 'PROPN'), ('Know', 'PROPN'), ('Refrains', 'PROPN')]",[],{},"['Razdan', 'Harvard', 'Know']"
@TanmayBhatYT & The OG Gang REACT To MAAMLA LEGAL HAI! üòÇ | Netflix India,Why didn't you invite mojorojo? Not fair.,didnt invite mojorojo fair,Didn‚Äôt Invite Mojorojo Fair,"[('Did', 'AUX'), ('n‚Äôt', 'PRON'), ('Invite', 'PROPN'), ('Mojorojo', 'PROPN'), ('Fair', 'PROPN')]",[],{},['Mojorojo']
@TanmayBhatYT & The OG Gang REACT To MAAMLA LEGAL HAI! üòÇ | Netflix India,Great showüéâ,great show,great show,"[('great', 'ADJ'), ('show', 'NOUN')]",['show'],{'show': 'Neutral'},[]
@TanmayBhatYT & The OG Gang REACT To MAAMLA LEGAL HAI! üòÇ | Netflix India,I AM SORRY BUT THERE''S NO OG GANG WITHOUT ROHAN JOSHI!!,sorry there og gang without rohan joshi,sory there og Gang without rohan joshi,"[('sory', 'ADV'), ('there', 'ADV'), ('og', 'ADP'), ('Gang', 'PROPN'), ('without', 'ADP'), ('rohan', 'PROPN'), ('joshi', 'PROPN')]",[],{},['rohan']
@TanmayBhatYT & The OG Gang REACT To MAAMLA LEGAL HAI! üòÇ | Netflix India,Udta panjab,udta panjab,Flying Punjab,"[('Flying', 'PROPN'), ('Punjab', 'PROPN')]",[],{},['Flying']
@TanmayBhatYT & The OG Gang REACT To MAAMLA LEGAL HAI! üòÇ | Netflix India,Singh is king me Dass sad singh hta ha !,singh king das sad singh hta ha,Singh King Dus Singh Singh Hatai Ha,"[('Singh', 'PROPN'), ('King', 'PROPN'), ('Dus', 'PROPN'), ('Singh', 'PROPN'), ('Singh', 'PROPN'), ('Hatai', 'PROPN'), ('Ha', 'PROPN')]",[],{},"['Singh', 'King', 'Dus', 'Singh', 'Singh', 'Hatai']"
@TanmayBhatYT & The OG Gang REACT To MAAMLA LEGAL HAI! üòÇ | Netflix India,KraY,kray,kray,"[('kray', 'PROPN')]",[],{},[]
@TanmayBhatYT & The OG Gang REACT To MAAMLA LEGAL HAI! üòÇ | Netflix India,its only me or others also feel like ravi kishan is acting  like salman khan,others also feel like ravi kishan acting like salman khan,others also feel like Ravi kishan acting like salman khan,"[('others', 'NOUN'), ('also', 'ADV'), ('feel', 'VERB'), ('like', 'SCONJ'), ('Ravi', 'NOUN'), ('kishan', 'VERB'), ('acting', 'VERB'), ('like', 'ADP'), ('salman', 'PROPN'), ('khan', 'PROPN')]",['ravi'],"{'others': 'Neutral', 'Ravi': 'Neutral'}",['salman']
@TanmayBhatYT & The OG Gang REACT To MAAMLA LEGAL HAI! üòÇ | Netflix India,Bad ye log ko gandy hasi jhelna mushkil hai,bad ye log ko gandy hasi jhelna mushkil hai,After these people are difficult to face dirty laughter,"[('After', 'SCONJ'), ('these', 'DET'), ('people', 'NOUN'), ('are', 'AUX'), ('difficult', 'ADJ'), ('to', 'PART'), ('face', 'VERB'), ('dirty', 'ADJ'), ('laughter', 'NOUN')]",['laughter'],"{'people': 'Neutral', 'laughter': 'Neutral'}",[]
@TanmayBhatYT & The OG Gang REACT To MAAMLA LEGAL HAI! üòÇ | Netflix India,This show is awesome! Start to finish it leaves you with a happy vibe.,show awesome start finish leaf happy vibe,Show Awesome Start Finish Leaf Happy Vibe,"[('Show', 'VERB'), ('Awesome', 'PROPN'), ('Start', 'PROPN'), ('Finish', 'PROPN'), ('Leaf', 'PROPN'), ('Happy', 'PROPN'), ('Vibe', 'PROPN')]",[],{},"['Awesome', 'Start', 'Finish', 'Leaf', 'Happy']"
@TanmayBhatYT & The OG Gang REACT To MAAMLA LEGAL HAI! üòÇ | Netflix India,Sacred game me Saif Ali Khaan ek serious sikh tha,sacred game saif ali khaan ek serious sikh tha,Sacred game saif ali khan ek serial sikha tha,"[('Sacred', 'ADJ'), ('game', 'NOUN'), ('saif', 'NOUN'), ('ali', 'PROPN'), ('khan', 'PROPN'), ('ek', 'PROPN'), ('serial', 'PROPN'), ('sikha', 'PROPN'), ('tha', 'PROPN')]",['game'],"{'game': 'Negative', 'saif': 'Neutral'}","['ek', 'serial', 'sikha']"
@TanmayBhatYT & The OG Gang REACT To MAAMLA LEGAL HAI! üòÇ | Netflix India,"TVF = Simple, clean and touching",tvf simple clean touching,TVF Simple Clean Touching,"[('TVF', 'PROPN'), ('Simple', 'PROPN'), ('Clean', 'PROPN'), ('Touching', 'PROPN')]",[],{},"['TVF', 'Simple', 'Clean']"
@TanmayBhatYT & The OG Gang REACT To MAAMLA LEGAL HAI! üòÇ | Netflix India,Iske bare mein to mere ko maloom hi nahin tha,iske bare mein mere ko maloom hi nahin tha,I did not know about it,"[('I', 'PRON'), ('did', 'AUX'), ('not', 'PART'), ('know', 'VERB'), ('about', 'ADP'), ('it', 'PRON')]",[],{},[]
@TanmayBhatYT & The OG Gang REACT To MAAMLA LEGAL HAI! üòÇ | Netflix India,"Netflix stop bringing this format.. it's annoying. Nobidy wants to see tanmay. 
I mean, have some class Netflix.",netflix stop bringing format annoying nobidy want see tanmay mean class netflix,Netflix Stop Bringing Format Annoying Nobody Wants See Tanmay Meaning Class Netflix,"[('Netflix', 'PROPN'), ('Stop', 'PROPN'), ('Bringing', 'PROPN'), ('Format', 'PROPN'), ('Annoying', 'PROPN'), ('Nobody', 'PROPN'), ('Wants', 'VERB'), ('See', 'PROPN'), ('Tanmay', 'PROPN'), ('Meaning', 'PROPN'), ('Class', 'PROPN'), ('Netflix', 'PROPN')]",[],{},"['Bringing', 'Format', 'Annoying', 'Tanmay', 'Meaning', 'Class']"
@TanmayBhatYT & The OG Gang REACT To MAAMLA LEGAL HAI! üòÇ | Netflix India,How did you manage to get Vishal bhai to give that reaction for thumbnail?,manage get vishal bhai give reaction thumbnail,Manage Get Vishal Bhai Give Reaction Thumbnail,"[('Manage', 'VERB'), ('Get', 'VERB'), ('Vishal', 'PROPN'), ('Bhai', 'PROPN'), ('Give', 'PROPN'), ('Reaction', 'PROPN'), ('Thumbnail', 'PROPN')]",[],{},"['Vishal', 'Bhai', 'Give', 'Reaction']"
@TanmayBhatYT & The OG Gang REACT To MAAMLA LEGAL HAI! üòÇ | Netflix India,Video sahi nahi lagti ab,video sahi nahi lagti ab,The video doesn't seem right now,"[('The', 'DET'), ('video', 'NOUN'), ('does', 'AUX'), (""n't"", 'PART'), ('seem', 'VERB'), ('right', 'ADV'), ('now', 'ADV')]",['video'],{'video': 'Neutral'},[]
@TanmayBhatYT & The OG Gang REACT To MAAMLA LEGAL HAI! üòÇ | Netflix India,Is it technical guruji,technical guruji,Technical guru,"[('Technical', 'ADJ'), ('guru', 'NOUN')]",['guru'],{'guru': 'Neutral'},[]
@TanmayBhatYT & The OG Gang REACT To MAAMLA LEGAL HAI! üòÇ | Netflix India,Missing Prisoner OPüò¢,missing prisoner op,Missing Prisoneer Op,"[('Missing', 'PROPN'), ('Prisoneer', 'PROPN'), ('Op', 'PROPN')]",[],{},['Prisoneer']
@TanmayBhatYT & The OG Gang REACT To MAAMLA LEGAL HAI! üòÇ | Netflix India,12:45  anyone see black water?,anyone see black water,anyone see black water,"[('anyone', 'PRON'), ('see', 'VERB'), ('black', 'ADJ'), ('water', 'NOUN')]","['anyone', 'water']",{'water': 'Neutral'},[]
@TanmayBhatYT & The OG Gang REACT To MAAMLA LEGAL HAI! üòÇ | Netflix India,Piyush ‚ù§Ô∏è‚ù§Ô∏è,piyush,piyush,"[('piyush', 'NOUN')]",['piyush'],{'piyush': 'Neutral'},[]
@TanmayBhatYT & The OG Gang REACT To MAAMLA LEGAL HAI! üòÇ | Netflix India,"promotion to bahana hai, netflix show dekh k bhi paise kamana hai",promotion bahana hai netflix show dekh k bhi paisa kamana hai,Promotion excuse is to earn money to watch Netflix show,"[('Promotion', 'NOUN'), ('excuse', 'NOUN'), ('is', 'AUX'), ('to', 'PART'), ('earn', 'VERB'), ('money', 'NOUN'), ('to', 'PART'), ('watch', 'VERB'), ('Netflix', 'PROPN'), ('show', 'VERB')]","['promotion', 'excuse', 'money']","{'Promotion': 'Neutral', 'excuse': 'Negative', 'money': 'Neutral'}",[]
@TanmayBhatYT & The OG Gang REACT To MAAMLA LEGAL HAI! üòÇ | Netflix India,I had loved this series. Only Indian stuff I watched on Netflix.,loved series indian stuff watched netflix,Loved Series Indian Stuff Watched Netflix,"[('Loved', 'PROPN'), ('Series', 'PROPN'), ('Indian', 'PROPN'), ('Stuff', 'PROPN'), ('Watched', 'VERB'), ('Netflix', 'PROPN')]",[],{},"['Loved', 'Series', 'Indian']"
@TanmayBhatYT & The OG Gang REACT To MAAMLA LEGAL HAI! üòÇ | Netflix India,4:57  Nidhi Bisht is an actual lawyer irl‚ù§,nidhi bisht actual lawyer irl,Nidhi Bisht Act Lawyer Rural,"[('Nidhi', 'PROPN'), ('Bisht', 'PROPN'), ('Act', 'PROPN'), ('Lawyer', 'PROPN'), ('Rural', 'PROPN')]",[],{},"['Nidhi', 'Bisht', 'Act', 'Lawyer']"
@TanmayBhatYT & The OG Gang REACT To MAAMLA LEGAL HAI! üòÇ | Netflix India,Kullu pose on Aka writer op ü§£ü§£,kullu pose aka writer op,Kullu Pose Aka Writer Op,"[('Kullu', 'PROPN'), ('Pose', 'PROPN'), ('Aka', 'PROPN'), ('Writer', 'PROPN'), ('Op', 'PROPN')]",[],{},"['Kullu', 'Pose', 'Aka', 'Writer']"
@TanmayBhatYT & The OG Gang REACT To MAAMLA LEGAL HAI! üòÇ | Netflix India,Netflix bhatt ‚ù§Ô∏è,netflix bhatt,Netflix Bhatt,"[('Netflix', 'PROPN'), ('Bhatt', 'PROPN')]",[],{},['Netflix']
@TanmayBhatYT & The OG Gang REACT To MAAMLA LEGAL HAI! üòÇ | Netflix India,Court m light toh bdhia aati har par ‡§Æ‡§® ‡§≠‡•á‡§¶ jaati h üôÇ,court light toh bdhia aati har par jaati h,Court light toh goes to everyone,"[('Court', 'NOUN'), ('light', 'NOUN'), ('toh', 'NOUN'), ('goes', 'VERB'), ('to', 'ADP'), ('everyone', 'PRON')]","['court', 'light', 'everyone']","{'Court': 'Neutral', 'light': 'Positive', 'toh': 'Neutral'}",[]
@TanmayBhatYT & The OG Gang REACT To MAAMLA LEGAL HAI! üòÇ | Netflix India,Pehle ye batao iss reaction panel mey Bassi kyu nehi hain?,pehle ye batao i reaction panel mey basso kyu nehi hain,"First tell this, why are there no buses in the reaction panel","[('First', 'ADV'), ('tell', 'VERB'), ('this', 'PRON'), (',', 'PUNCT'), ('why', 'SCONJ'), ('are', 'AUX'), ('there', 'PRON'), ('no', 'DET'), ('buses', 'NOUN'), ('in', 'ADP'), ('the', 'DET'), ('reaction', 'NOUN'), ('panel', 'NOUN')]","['reaction', 'panel']","{'buses': 'Neutral', 'reaction': 'Neutral', 'panel': 'Neutral'}",[]
@TanmayBhatYT & The OG Gang REACT To MAAMLA LEGAL HAI! üòÇ | Netflix India,"Bassi lawyer hai, usse bula tha, aur maza aata",basso lawyer hai usse bula tha aur maza aata,Buso Lawyer said to him and enjoyed it,"[('Buso', 'PROPN'), ('Lawyer', 'PROPN'), ('said', 'VERB'), ('to', 'ADP'), ('him', 'PRON'), ('and', 'CCONJ'), ('enjoyed', 'VERB'), ('it', 'PRON')]",[],{},['Buso']
@TanmayBhatYT & The OG Gang REACT To MAAMLA LEGAL HAI! üòÇ | Netflix India,Tanmay Bhatt is a brand Ambassador of NetflixüòÇüòÇüòÇ,tanmay bhatt brand ambassador netflix,Tanmay Bhatt Brand Ambassador Netflix,"[('Tanmay', 'PROPN'), ('Bhatt', 'PROPN'), ('Brand', 'PROPN'), ('Ambassador', 'PROPN'), ('Netflix', 'PROPN')]",[],{},"['Tanmay', 'Bhatt', 'Brand', 'Ambassador']"
@TanmayBhatYT & The OG Gang REACT To MAAMLA LEGAL HAI! üòÇ | Netflix India,Yo Yo Honey Singh paaji ka documentry daalo yaar please ‚ù§,yo yo honey singh paaji ka documentry daalo yaar please,Yo Yo Honey Singh Paaji's Dokuntry Dalo Yaar Please,"[('Yo', 'PROPN'), ('Yo', 'PROPN'), ('Honey', 'PROPN'), ('Singh', 'PROPN'), ('Paaji', 'PROPN'), (""'s"", 'PART'), ('Dokuntry', 'PROPN'), ('Dalo', 'PROPN'), ('Yaar', 'PROPN'), ('Please', 'INTJ')]",[],{},"['Yo', 'Yo', 'Singh', 'Dokuntry', 'Dalo', 'Yaar']"
@TanmayBhatYT & The OG Gang REACT To MAAMLA LEGAL HAI! üòÇ | Netflix India,Paiso ke liye kitna jhooth bolna padta hai..üòÇüòÇ .. quite an avg series except for few scenes and dialogues.. story toh chod he do..,paiso ke liye kitna jhooth bolna padta hai quite avg series except scene dialogue story toh chod,"How much money does it have to lie for money, how to leave the series across scan dialogue story toh","[('How', 'SCONJ'), ('much', 'ADJ'), ('money', 'NOUN'), ('does', 'AUX'), ('it', 'PRON'), ('have', 'VERB'), ('to', 'PART'), ('lie', 'VERB'), ('for', 'ADP'), ('money', 'NOUN'), (',', 'PUNCT'), ('how', 'SCONJ'), ('to', 'PART'), ('leave', 'VERB'), ('the', 'DET'), ('series', 'NOUN'), ('across', 'ADP'), ('scan', 'ADJ'), ('dialogue', 'NOUN'), ('story', 'NOUN'), ('toh', 'NOUN')]","['money', 'money', 'series', 'dialogue', 'story']","{'money': 'Neutral', 'series': 'Neutral', 'dialogue': 'Neutral', 'story': 'Neutral', 'toh': 'Neutral'}",[]
@TanmayBhatYT & The OG Gang REACT To MAAMLA LEGAL HAI! üòÇ | Netflix India,Loved this show ‚ù§,loved show,Loved show,"[('Loved', 'ADJ'), ('show', 'NOUN')]",['show'],{'show': 'Neutral'},[]
@TanmayBhatYT & The OG Gang REACT To MAAMLA LEGAL HAI! üòÇ | Netflix India,shandaar reaction üòÇ,shandaar reaction,shandaar reaction,"[('shandaar', 'NOUN'), ('reaction', 'NOUN')]","['shandaar', 'reaction']","{'shandaar': 'Neutral', 'reaction': 'Neutral'}",[]
@TanmayBhatYT & The OG Gang REACT To MAAMLA LEGAL HAI! üòÇ | Netflix India,"A random request, but i kinda want to see the og gang react to horror clips or movies. Idk whyüò≠",random request kinda want see og gang react horror clip movie idk,Random request Kinda Want See OG Gang React Horror Clip Movie Idk,"[('Random', 'ADJ'), ('request', 'NOUN'), ('Kinda', 'PROPN'), ('Want', 'VERB'), ('See', 'VERB'), ('OG', 'PROPN'), ('Gang', 'PROPN'), ('React', 'PROPN'), ('Horror', 'PROPN'), ('Clip', 'PROPN'), ('Movie', 'PROPN'), ('Idk', 'PROPN')]",['request'],{'request': 'Neutral'},"['OG', 'Gang', 'React', 'Horror', 'Clip', 'Movie']"
@TanmayBhatYT & The OG Gang REACT To MAAMLA LEGAL HAI! üòÇ | Netflix India,Copy of rake.,copy rake,copy rake,"[('copy', 'NOUN'), ('rake', 'NOUN')]","['copy', 'rake']","{'copy': 'Neutral', 'rake': 'Neutral'}",[]
@TanmayBhatYT & The OG Gang REACT To MAAMLA LEGAL HAI! üòÇ | Netflix India,Isko dekh ke lag raha hai ki ek law-day bhi hona chahiye.üòÇ,isko dekh ke lag raha hai ki ek lawday bhi hona chahiye,"Looking at it, it seems that there should be a loud","[('Looking', 'VERB'), ('at', 'ADP'), ('it', 'PRON'), (',', 'PUNCT'), ('it', 'PRON'), ('seems', 'VERB'), ('that', 'SCONJ'), ('there', 'PRON'), ('should', 'AUX'), ('be', 'AUX'), ('a', 'DET'), ('loud', 'ADJ')]",[],{},[]
@TanmayBhatYT & The OG Gang REACT To MAAMLA LEGAL HAI! üòÇ | Netflix India,Tanmay's more consistent here rather than his own channel ü•≤,tanmays consistent rather channel,Tanmays Consistent Rather Channel,"[('Tanmays', 'NOUN'), ('Consistent', 'PROPN'), ('Rather', 'PROPN'), ('Channel', 'PROPN')]",[],{'Tanmays': 'Neutral'},"['Consistent', 'Rather']"
@TanmayBhatYT & The OG Gang REACT To MAAMLA LEGAL HAI! üòÇ | Netflix India,Hasna tha kya bro?ü§î,hasna tha kya bro,Was BRO,"[('Was', 'AUX'), ('BRO', 'PROPN')]",[],{},[]
@TanmayBhatYT & The OG Gang REACT To MAAMLA LEGAL HAI! üòÇ | Netflix India,kin chutiyo ko series dkhne ko bol diya...must watch series h,kin chutiyo ko series dkhne ko bol diyamust watch series h,Kin Chutiyo to see the series Diyamasta Watch Series:,"[('Kin', 'PROPN'), ('Chutiyo', 'PROPN'), ('to', 'PART'), ('see', 'VERB'), ('the', 'DET'), ('series', 'NOUN'), ('Diyamasta', 'PROPN'), ('Watch', 'PROPN'), ('Series', 'PROPN'), (':', 'PUNCT')]",['series'],{'series': 'Neutral'},"['Kin', 'Diyamasta', 'Watch']"
@TanmayBhatYT & The OG Gang REACT To MAAMLA LEGAL HAI! üòÇ | Netflix India,How to get Netflix admin's job?üòÇ,get netflix admins job,Get Netflix Admins Job,"[('Get', 'VERB'), ('Netflix', 'PROPN'), ('Admins', 'PROPN'), ('Job', 'PROPN')]",[],{},"['Netflix', 'Admins']"
@TanmayBhatYT & The OG Gang REACT To MAAMLA LEGAL HAI! üòÇ | Netflix India,Still less views than his channel.,still le view channel,Still Le View Channel,"[('Still', 'ADV'), ('Le', 'PROPN'), ('View', 'PROPN'), ('Channel', 'PROPN')]",[],{},"['Le', 'View']"
@TanmayBhatYT & The OG Gang REACT To MAAMLA LEGAL HAI! üòÇ | Netflix India,Why vishal is opening his mouth here but not in tanmay channel.. paisa bolta hai and bulwata hai,vishal opening mouth tanmay channel paisa bolta hai bulwata hai,The huge opening mouth tanmay channels calls money,"[('The', 'DET'), ('huge', 'ADJ'), ('opening', 'NOUN'), ('mouth', 'NOUN'), ('tanmay', 'VERB'), ('channels', 'NOUN'), ('calls', 'VERB'), ('money', 'NOUN')]","['opening', 'mouth', 'money']","{'opening': 'Neutral', 'mouth': 'Neutral', 'channels': 'Neutral', 'money': 'Neutral'}",['tanmay']
@TanmayBhatYT & The OG Gang REACT To MAAMLA LEGAL HAI! üòÇ | Netflix India,Happy to see this. I play the character of ‚ÄúLaw‚Äù in the show :),happy see play character law show,Happy See Play Character Law Show,"[('Happy', 'ADJ'), ('See', 'NOUN'), ('Play', 'VERB'), ('Character', 'PROPN'), ('Law', 'PROPN'), ('Show', 'PROPN')]",['see'],{'See': 'Neutral'},"['Character', 'Law']"
@TanmayBhatYT & The OG Gang REACT To MAAMLA LEGAL HAI! üòÇ | Netflix India,"Did Kullu say CHEMO laga ke, instead of chroma laga ke üò∂ 12:57",kullu say chemo laga ke instead chroma laga ke,Kullu from Chemo Laga of Instad Croma Laga,"[('Kullu', 'PROPN'), ('from', 'ADP'), ('Chemo', 'PROPN'), ('Laga', 'PROPN'), ('of', 'ADP'), ('Instad', 'PROPN'), ('Croma', 'PROPN'), ('Laga', 'PROPN')]",[],{},"['Chemo', 'Instad', 'Croma']"
@TanmayBhatYT & The OG Gang REACT To MAAMLA LEGAL HAI! üòÇ | Netflix India,"These guys reaction is soo scripted, anyone noticed?",guy reaction soo scripted anyone noticed,Guy reaction sooo scripted anyone noticed,"[('Guy', 'ADJ'), ('reaction', 'NOUN'), ('sooo', 'NOUN'), ('scripted', 'VERB'), ('anyone', 'PRON'), ('noticed', 'VERB')]","['reaction', 'sooo', 'anyone']","{'reaction': 'Neutral', 'sooo': 'Neutral'}",['Guy']
@TanmayBhatYT & The OG Gang REACT To MAAMLA LEGAL HAI! üòÇ | Netflix India,Inhone Nishanth bhai ko nikal dala,inhone nishanth bhai ko nikal dala,He removed Nishant Bhai,"[('He', 'PRON'), ('removed', 'VERB'), ('Nishant', 'PROPN'), ('Bhai', 'PROPN')]",[],{},['Nishant']
@TanmayBhatYT & The OG Gang REACT To MAAMLA LEGAL HAI! üòÇ | Netflix India,Netflix trying to give me savage reply but mamla legal ho jayega,netflix trying give savage reply mamla legal ho jayega,Netflix Triing Give Savez Reply case will be legal,"[('Netflix', 'PROPN'), ('Triing', 'PROPN'), ('Give', 'PROPN'), ('Savez', 'PROPN'), ('Reply', 'PROPN'), ('case', 'NOUN'), ('will', 'AUX'), ('be', 'AUX'), ('legal', 'ADJ')]",['case'],{'case': 'Neutral'},"['Netflix', 'Triing', 'Give', 'Savez', 'Reply']"
@TanmayBhatYT & The OG Gang REACT To MAAMLA LEGAL HAI! üòÇ | Netflix India,Piyush is so unfunny that everytime he cracks a joke it become an awkward moment for everyone,piyush unfunny everytime crack joke become awkward moment everyone,Piyush unfunny everytime crack joke become awkward moment everyone,"[('Piyush', 'ADJ'), ('unfunny', 'ADJ'), ('everytime', 'NOUN'), ('crack', 'NOUN'), ('joke', 'NOUN'), ('become', 'VERB'), ('awkward', 'ADJ'), ('moment', 'NOUN'), ('everyone', 'PRON')]","['everytime', 'crack', 'joke', 'moment', 'everyone']","{'everytime': 'Neutral', 'crack': 'Neutral', 'joke': 'Neutral', 'moment': 'Neutral'}",[]
@TanmayBhatYT & The OG Gang REACT To MAAMLA LEGAL HAI! üòÇ | Netflix India,Netflix mai backhedi karta h motusüòÇüòÇüòÇ,netflix mai backhedi karta h motus,Netflix May Bachakhedi Motes,"[('Netflix', 'PROPN'), ('May', 'PROPN'), ('Bachakhedi', 'PROPN'), ('Motes', 'PROPN')]",[],{},"['Netflix', 'May', 'Bachakhedi']"
@TanmayBhatYT & The OG Gang REACT To MAAMLA LEGAL HAI! üòÇ | Netflix India,Season 2 ka  ayega iska?,season ka ayega iska,It will come for the season,"[('It', 'PRON'), ('will', 'AUX'), ('come', 'VERB'), ('for', 'ADP'), ('the', 'DET'), ('season', 'NOUN')]",['season'],{'season': 'Neutral'},[]
@TanmayBhatYT & The OG Gang REACT To MAAMLA LEGAL HAI! üòÇ | Netflix India,You should add Anubhav bassi in tanmay reaction panel it will be funn‚ù§‚ù§‚ù§‚ù§‚ù§‚ù§,add anubhav basso tanmay reaction panel funn,Add anubhav basso tanmay reaction panel funn,"[('Add', 'VERB'), ('anubhav', 'NOUN'), ('basso', 'NOUN'), ('tanmay', 'VERB'), ('reaction', 'PROPN'), ('panel', 'PROPN'), ('funn', 'PROPN')]",['anubhav'],"{'anubhav': 'Neutral', 'basso': 'Neutral'}","['reaction', 'panel']"
@TanmayBhatYT & The OG Gang REACT To MAAMLA LEGAL HAI! üòÇ | Netflix India,patpadganj to mere gaam ko naam hai üòÇüòÇüòÇ,patpadganj mere gaam ko naam hai,Patparganj is the name of my gam,"[('Patparganj', 'PROPN'), ('is', 'AUX'), ('the', 'DET'), ('name', 'NOUN'), ('of', 'ADP'), ('my', 'PRON'), ('gam', 'NOUN')]",['name'],"{'name': 'Neutral', 'gam': 'Neutral'}",[]
@TanmayBhatYT & The OG Gang REACT To MAAMLA LEGAL HAI! üòÇ | Netflix India,Donna‚ù§,donna,donna,"[('donna', 'NOUN')]",['donna'],{'donna': 'Neutral'},[]
@TanmayBhatYT & The OG Gang REACT To MAAMLA LEGAL HAI! üòÇ | Netflix India,@gyaani2.0 bhai tumhara og gang to chori ho gaya,gyaani bhai tumhara og gang chori ho gaya,Gyani Bhai Your Vog Gang is stolen,"[('Gyani', 'PROPN'), ('Bhai', 'PROPN'), ('Your', 'PRON'), ('Vog', 'PROPN'), ('Gang', 'PROPN'), ('is', 'AUX'), ('stolen', 'VERB')]",[],{},"['Gyani', 'Vog']"
@TanmayBhatYT & The OG Gang REACT To MAAMLA LEGAL HAI! üòÇ | Netflix India,"Apart from your other reaction vidoes which we all obviously love/like, but this one is also good move given that people have watched it before and can relate it. Keep it up @Tanmay team. ",apart reaction vidoes obviously lovelike one also good move given people watched relate keep tanmay team,Apart reaction videos obvious love like one,"[('Apart', 'ADJ'), ('reaction', 'NOUN'), ('videos', 'NOUN'), ('obvious', 'ADJ'), ('love', 'NOUN'), ('like', 'ADP'), ('one', 'NUM')]","['reaction', 'love']","{'reaction': 'Neutral', 'videos': 'Neutral', 'love': 'Positive'}",[]
@TanmayBhatYT & The OG Gang REACT To MAAMLA LEGAL HAI! üòÇ | Netflix India,Abhi Tak tu Dilli Wale sardar se Mila hai kisi din real sadar se milne chalne jana Punjab pta chal jayega sadar ji kyu bulate hai üòÖ,abhi tak tu dilli wale sardar se mila hai kisi din real sadar se milne chalne jana punjab pta chal jayega sadar ji kyu bulate hai,"So far, you have met the Delhi Sardar, someday, going to meet the real Sadar, Punjab will know why Sadar ji calls.","[('So', 'ADV'), ('far', 'ADV'), (',', 'PUNCT'), ('you', 'PRON'), ('have', 'AUX'), ('met', 'VERB'), ('the', 'DET'), ('Delhi', 'PROPN'), ('Sardar', 'PROPN'), (',', 'PUNCT'), ('someday', 'ADV'), (',', 'PUNCT'), ('going', 'VERB'), ('to', 'PART'), ('meet', 'VERB'), ('the', 'DET'), ('real', 'ADJ'), ('Sadar', 'PROPN'), (',', 'PUNCT'), ('Punjab', 'PROPN'), ('will', 'AUX'), ('know', 'VERB'), ('why', 'SCONJ'), ('Sadar', 'PROPN'), ('ji', 'PROPN'), ('calls', 'VERB'), ('.', 'PUNCT')]",[],{},"['Delhi', 'Sadar']"
@TanmayBhatYT & The OG Gang REACT To MAAMLA LEGAL HAI! üòÇ | Netflix India,I wish they could get Ravi Kishan as well,wish could get ravi kishan well,Wish also get ravi kishan well,"[('Wish', 'PROPN'), ('also', 'ADV'), ('get', 'VERB'), ('ravi', 'NOUN'), ('kishan', 'VERB'), ('well', 'ADV')]",['ravi'],{'ravi': 'Neutral'},[]
@TanmayBhatYT & The OG Gang REACT To MAAMLA LEGAL HAI! üòÇ | Netflix India,ye show bohot badhiya laga bohot sare curious cases üòÇüòÇ,ye show bohot badhiya laga bohot sare curious case,This show is very good,"[('This', 'DET'), ('show', 'NOUN'), ('is', 'AUX'), ('very', 'ADV'), ('good', 'ADJ')]",['show'],{'show': 'Neutral'},[]
@TanmayBhatYT & The OG Gang REACT To MAAMLA LEGAL HAI! üòÇ | Netflix India,tanmay bought netflix too,tanmay bought netflix,tanmay boght netflix,"[('tanmay', 'VERB'), ('boght', 'PROPN'), ('netflix', 'PROPN')]",[],{},['boght']
@TanmayBhatYT & The OG Gang REACT To MAAMLA LEGAL HAI! üòÇ | Netflix India,where's Nishant?,wheres nishant,Whats Nishant,"[('What', 'PRON'), ('s', 'VERB'), ('Nishant', 'ADJ')]",[],{},[]
@TanmayBhatYT & The OG Gang REACT To MAAMLA LEGAL HAI! üòÇ | Netflix India,"So unfunny, even Tanmay couldn't make it funny.",unfunny even tanmay couldnt make funny,Unfunny even tanmay couldnight make funny,"[('Unfunny', 'PROPN'), ('even', 'ADV'), ('tanmay', 'VERB'), ('couldnight', 'NOUN'), ('make', 'VERB'), ('funny', 'ADJ')]",['couldnight'],{'couldnight': 'Neutral'},['tanmay']
@TanmayBhatYT & The OG Gang REACT To MAAMLA LEGAL HAI! üòÇ | Netflix India,Piyush bhai kohra web series dekho sacred game bhool gye,piyush bhai kohra web series dekho sacred game bhool gye,Piyush Bhai Kohra Web Series Watch Sacred Games forgot,"[('Piyush', 'PROPN'), ('Bhai', 'PROPN'), ('Kohra', 'PROPN'), ('Web', 'PROPN'), ('Series', 'PROPN'), ('Watch', 'PROPN'), ('Sacred', 'PROPN'), ('Games', 'PROPN'), ('forgot', 'VERB')]",[],{},"['Piyush', 'Bhai', 'Kohra', 'Web', 'Series', 'Watch', 'Sacred']"
@TanmayBhatYT & The OG Gang REACT To MAAMLA LEGAL HAI! üòÇ | Netflix India,Best new series in a while!,best new series,Best new series,"[('Best', 'ADJ'), ('new', 'ADJ'), ('series', 'NOUN')]",['series'],{'series': 'Neutral'},[]
@TanmayBhatYT & The OG Gang REACT To MAAMLA LEGAL HAI! üòÇ | Netflix India,4:03 iska exam clear ho gya kya üòÇ,iska exam clear ho gya kya,Has its exam cleared,"[('Has', 'AUX'), ('its', 'PRON'), ('exam', 'NOUN'), ('cleared', 'VERB')]",['exam'],{'exam': 'Neutral'},[]
@TanmayBhatYT & The OG Gang REACT To MAAMLA LEGAL HAI! üòÇ | Netflix India,tanmay bhai i think you should be similarly consistent with both the channelsü§£,tanmay bhai think similarly consistent channel,Tanmay Bhai Think Similarly Consistency Channel,"[('Tanmay', 'PROPN'), ('Bhai', 'PROPN'), ('Think', 'VERB'), ('Similarly', 'PROPN'), ('Consistency', 'PROPN'), ('Channel', 'PROPN')]",[],{},"['Tanmay', 'Similarly', 'Consistency']"
@TanmayBhatYT & The OG Gang REACT To MAAMLA LEGAL HAI! üòÇ | Netflix India,dekha dekha mast hai bohot usme tvf ki ek madam meri fav hai jo waqueel rehti hai she is my fav(nidhi bisht),dekha dekha mast hai bohot usme tvf ki ek madam meri fav hai jo waqueel rehti hai favnidhi bisht,"Dekh dekha hai hai bohot is a madam of tawaf in it, there is my father","[('Dekh', 'PROPN'), ('dekha', 'PROPN'), ('hai', 'PROPN'), ('hai', 'PROPN'), ('bohot', 'PROPN'), ('is', 'AUX'), ('a', 'DET'), ('madam', 'NOUN'), ('of', 'ADP'), ('tawaf', 'NOUN'), ('in', 'ADP'), ('it', 'PRON'), (',', 'PUNCT'), ('there', 'PRON'), ('is', 'VERB'), ('my', 'PRON'), ('father', 'NOUN')]","['madam', 'tawaf', 'father']","{'madam': 'Neutral', 'tawaf': 'Neutral', 'father': 'Neutral'}","['Dekh', 'dekha', 'hai', 'hai']"
@TanmayBhatYT & The OG Gang REACT To MAAMLA LEGAL HAI! üòÇ | Netflix India,Looks like a nonsense movie. Could not tolerate the short clips also.,look like nonsense movie could tolerate short clip also,Look like Nonsense Movie Could Tolerate Short Clip also,"[('Look', 'VERB'), ('like', 'SCONJ'), ('Nonsense', 'PROPN'), ('Movie', 'PROPN'), ('Could', 'AUX'), ('Tolerate', 'VERB'), ('Short', 'PROPN'), ('Clip', 'PROPN'), ('also', 'ADV')]",[],{},"['Nonsense', 'Short']"
@TanmayBhatYT & The OG Gang REACT To MAAMLA LEGAL HAI! üòÇ | Netflix India,Bhae bassi ko bulana tha Mazza ata,bhae basso ko bulana tha mazza ata,Bhaye Buso had to be called,"[('Bhaye', 'PROPN'), ('Buso', 'PROPN'), ('had', 'VERB'), ('to', 'PART'), ('be', 'AUX'), ('called', 'VERB')]",[],{},['Bhaye']
@TanmayBhatYT & The OG Gang REACT To MAAMLA LEGAL HAI! üòÇ | Netflix India,One of my favourite series. Finished in one go.,one favourite series finished one go,One favor series Finished One Go,"[('One', 'NUM'), ('favor', 'NOUN'), ('series', 'NOUN'), ('Finished', 'PROPN'), ('One', 'NUM'), ('Go', 'VERB')]","['favor', 'series']","{'favor': 'Neutral', 'series': 'Neutral'}",[]
@TanmayBhatYT & The OG Gang REACT To MAAMLA LEGAL HAI! üòÇ | Netflix India,Ravi kishan ke dekhunga‚ù§üòÖ,ravi kishan ke dekhunga,I will see Ravi Kishan,"[('I', 'PRON'), ('will', 'AUX'), ('see', 'VERB'), ('Ravi', 'PROPN'), ('Kishan', 'PROPN')]",[],{},['Ravi']
@TanmayBhatYT & The OG Gang REACT To MAAMLA LEGAL HAI! üòÇ | Netflix India,Seems like they didnt have fun,seems like didnt fun,Seems like did,"[('Seems', 'VERB'), ('like', 'ADP'), ('did', 'VERB')]",[],{},[]
@TanmayBhatYT & The OG Gang REACT To MAAMLA LEGAL HAI! üòÇ | Netflix India,"zindagi jhand ba phir bhi ghamand ba - quoted some more than a hundred time Ravi Kishan said during his time in early season of Big Boss season, I was easily became his fan. And this was the best of his work. And overall this season is one of the best ever produced by Netflix India!",zindagi jhand ba phir bhi ghamand ba quoted hundred time ravi kishan said time early season big bos season easily became fan best work overall season one best ever produced netflix india,Zindagi jhand ba phir bhi ghamand ba quoted hundred time ravi kishan said time early season big bos season economy,"[('Zindagi', 'ADJ'), ('jhand', 'NOUN'), ('ba', 'INTJ'), ('phir', 'NOUN'), ('bhi', 'PROPN'), ('ghamand', 'PROPN'), ('ba', 'PROPN'), ('quoted', 'VERB'), ('hundred', 'NUM'), ('time', 'NOUN'), ('ravi', 'NOUN'), ('kishan', 'PROPN'), ('said', 'VERB'), ('time', 'NOUN'), ('early', 'ADJ'), ('season', 'NOUN'), ('big', 'ADJ'), ('bos', 'PROPN'), ('season', 'NOUN'), ('economy', 'NOUN')]","['jhand', 'phir', 'time', 'ravi', 'time', 'season', 'season', 'economy']","{'jhand': 'Neutral', 'phir': 'Neutral', 'time': 'Neutral', 'ravi': 'Neutral', 'season': 'Neutral', 'economy': 'Neutral'}","['Zindagi', 'bhi', 'bos']"
@TanmayBhatYT & The OG Gang REACT To MAAMLA LEGAL HAI! üòÇ | Netflix India,Jenelia De'souza ü´¢,jenelia desouza,Jenelia Desouza,"[('Jenelia', 'PROPN'), ('Desouza', 'PROPN')]",[],{},['Jenelia']
@TanmayBhatYT & The OG Gang REACT To MAAMLA LEGAL HAI! üòÇ | Netflix India,3:44 SBI to Supreme Court,sbi supreme court,SBI Supreme Court,"[('SBI', 'PROPN'), ('Supreme', 'PROPN'), ('Court', 'PROPN')]",[],{},"['SBI', 'Supreme']"
@TanmayBhatYT & The OG Gang REACT To MAAMLA LEGAL HAI! üòÇ | Netflix India,I was just thinking this morning that Netflix should get Tanmay to watch this and here it is. Isi ko shastron mein manifestation kaha gaya hai,thinking morning netflix get tanmay watch isi ko shastron mein manifestation kaha gaya hai,Thinking Morning Netflix Gate Tanmay Watch is called Manifestation in the scriptures,"[('Thinking', 'VERB'), ('Morning', 'PROPN'), ('Netflix', 'PROPN'), ('Gate', 'PROPN'), ('Tanmay', 'PROPN'), ('Watch', 'PROPN'), ('is', 'AUX'), ('called', 'VERB'), ('Manifestation', 'PROPN'), ('in', 'ADP'), ('the', 'DET'), ('scriptures', 'NOUN')]",[],{'scriptures': 'Neutral'},"['Thinking', 'Morning', 'Netflix', 'Gate', 'Tanmay']"
@TanmayBhatYT & The OG Gang REACT To MAAMLA LEGAL HAI! üòÇ | Netflix India,Nidhi razdan,nidhi razdan,Fund razadan,"[('Fund', 'PROPN'), ('razadan', 'NOUN')]",[],{'razadan': 'Neutral'},['Fund']
@TanmayBhatYT & The OG Gang REACT To MAAMLA LEGAL HAI! üòÇ | Netflix India,Kohrra dekho serious sardar mil jayenge,kohrra dekho serious sardar mil jayenge,"Look at Kohra, you will find Sirius Sardar","[('Look', 'VERB'), ('at', 'ADP'), ('Kohra', 'PROPN'), (',', 'PUNCT'), ('you', 'PRON'), ('will', 'AUX'), ('find', 'VERB'), ('Sirius', 'PROPN'), ('Sardar', 'PROPN')]",[],{},['Sirius']
@TanmayBhatYT & The OG Gang REACT To MAAMLA LEGAL HAI! üòÇ | Netflix India,"Tanmay in his channel : lame joke-ü§£ü§£ü§£ü§£ü§£ü§£ü§£ü§£ü§£ü§£ü§£ü§£ü§£ü§£ü§£ü§£ü§£ü§£ü§£ü§£
Tanmay in netflix channel: funny showsüôÅüôÅüôÅüôÅüôÅüôÅüôÅüôÅüôÅüôÅüôÅüôÅüôÅüôÅüôÅüôÅüôÅ",tanmay channel lame joke tanmay netflix channel funny show,tanmay channel lame joke tanmay netflix channel funny show,"[('tanmay', 'PROPN'), ('channel', 'PROPN'), ('lame', 'PROPN'), ('joke', 'PROPN'), ('tanmay', 'PROPN'), ('netflix', 'PROPN'), ('channel', 'PROPN'), ('funny', 'ADJ'), ('show', 'NOUN')]",['show'],{'show': 'Neutral'},"['channel', 'lame', 'tanmay', 'netflix']"
@TanmayBhatYT & The OG Gang REACT To MAAMLA LEGAL HAI! üòÇ | Netflix India,Abe phla scene hi galat hai . As a advocate ye morally and legal dono tarike se faltu writing galat facts pe hai,abe phla scene hi galat hai advocate ye morally legal dono tarike se faltu writing galat fact pe hai,Abe first scan is wrong. Advocate is on the wrong fact in both ways,"[('Abe', 'PROPN'), ('first', 'ADJ'), ('scan', 'PROPN'), ('is', 'AUX'), ('wrong', 'ADJ'), ('.', 'PUNCT'), ('Advocate', 'NOUN'), ('is', 'AUX'), ('on', 'ADP'), ('the', 'DET'), ('wrong', 'ADJ'), ('fact', 'NOUN'), ('in', 'ADP'), ('both', 'DET'), ('ways', 'NOUN')]","['advocate', 'fact']","{'Advocate': 'Neutral', 'fact': 'Neutral', 'ways': 'Neutral'}",['Abe']
@TanmayBhatYT & The OG Gang REACT To MAAMLA LEGAL HAI! üòÇ | Netflix India,"jab iski audience badi ho jayegi , theatre me movie nahi , tanmay bhat ka reaction to the movie aayega.",jab iski audience badi ho jayegi theatre movie nahi tanmay bhat ka reaction movie aayega,"When its audience becomes bigger, the theater movie will not have a reaction movie of Tanmay Bhat.","[('When', 'SCONJ'), ('its', 'PRON'), ('audience', 'NOUN'), ('becomes', 'VERB'), ('bigger', 'ADJ'), (',', 'PUNCT'), ('the', 'DET'), ('theater', 'NOUN'), ('movie', 'NOUN'), ('will', 'AUX'), ('not', 'PART'), ('have', 'VERB'), ('a', 'DET'), ('reaction', 'NOUN'), ('movie', 'NOUN'), ('of', 'ADP'), ('Tanmay', 'PROPN'), ('Bhat', 'PROPN'), ('.', 'PUNCT')]","['audience', 'theater', 'movie', 'reaction', 'movie']","{'audience': 'Neutral', 'theater': 'Neutral', 'movie': 'Neutral', 'reaction': 'Neutral'}",['Tanmay']
@TanmayBhatYT & The OG Gang REACT To MAAMLA LEGAL HAI! üòÇ | Netflix India,Indian Saul Goodman üòÇüòÇüòÇ,indian saul goodman,indian saul goodman,"[('indian', 'PROPN'), ('saul', 'PROPN'), ('goodman', 'PROPN')]",[],{},"['indian', 'saul']"
@TanmayBhatYT & The OG Gang REACT To MAAMLA LEGAL HAI! üòÇ | Netflix India,This series is lookingg lit now going to watch it..üòÇ‚ù§üî•,series lookingg lit going watch,Series looking right watch,"[('Series', 'NOUN'), ('looking', 'VERB'), ('right', 'ADJ'), ('watch', 'NOUN')]","['series', 'watch']","{'Series': 'Neutral', 'watch': 'Neutral'}",[]
@TanmayBhatYT & The OG Gang REACT To MAAMLA LEGAL HAI! üòÇ | Netflix India,0:01 tanmays second channel üòÇ,tanmays second channel,Tanmays Second Channel,"[('Tanmays', 'PROPN'), ('Second', 'PROPN'), ('Channel', 'PROPN')]",[],{},"['Tanmays', 'Second']"
@TanmayBhatYT & The OG Gang REACT To MAAMLA LEGAL HAI! üòÇ | Netflix India,"A very out of context thing to say, but muje kal tak TLDR ka meaning pata nhi tha, meine khudse kuch tinde ki sabji assume kr liya tha :)",context thing say muje kal tak tldr ka meaning pata nhi tha meine khudse kuch tinde ki sabji assume kr liya tha,"With the contact Thing, I did not know the meaning of Taldar till yesterday, I had done some tinde vegetables with myself.","[('With', 'ADP'), ('the', 'DET'), ('contact', 'NOUN'), ('Thing', 'NOUN'), (',', 'PUNCT'), ('I', 'PRON'), ('did', 'AUX'), ('not', 'PART'), ('know', 'VERB'), ('the', 'DET'), ('meaning', 'NOUN'), ('of', 'ADP'), ('Taldar', 'PROPN'), ('till', 'SCONJ'), ('yesterday', 'NOUN'), (',', 'PUNCT'), ('I', 'PRON'), ('had', 'AUX'), ('done', 'VERB'), ('some', 'PRON'), ('tinde', 'NOUN'), ('vegetables', 'NOUN'), ('with', 'ADP'), ('myself', 'PRON'), ('.', 'PUNCT')]","['contact', 'thing', 'meaning', 'yesterday', 'tinde']","{'contact': 'Neutral', 'Thing': 'Neutral', 'meaning': 'Neutral', 'yesterday': 'Neutral', 'tinde': 'Neutral', 'vegetables': 'Neutral'}",[]
@TanmayBhatYT & The OG Gang REACT To MAAMLA LEGAL HAI! üòÇ | Netflix India,5:25 tanmay and gang be like bilkul riks ni lene ka re baba üòÇüòÇ,tanmay gang like bilkul riks ni lene ka baba,Baba wrote Tanmay Gangs to take Ricks Ni,"[('Baba', 'PROPN'), ('wrote', 'VERB'), ('Tanmay', 'PROPN'), ('Gangs', 'PROPN'), ('to', 'PART'), ('take', 'VERB'), ('Ricks', 'PROPN'), ('Ni', 'PROPN')]",[],{},"['Tanmay', 'Ricks']"
@TanmayBhatYT & The OG Gang REACT To MAAMLA LEGAL HAI! üòÇ | Netflix India,Ye toh bassi ki field h üòÇüòÇ,ye toh basso ki field h,This is the field of Baso,"[('This', 'PRON'), ('is', 'AUX'), ('the', 'DET'), ('field', 'NOUN'), ('of', 'ADP'), ('Baso', 'PROPN')]",['field'],{'field': 'Neutral'},[]
@TanmayBhatYT & The OG Gang REACT To MAAMLA LEGAL HAI! üòÇ | Netflix India,Mai dekhne ja rha hu,mai dekhne ja rha hu,I am going to see,"[('I', 'PRON'), ('am', 'AUX'), ('going', 'VERB'), ('to', 'PART'), ('see', 'VERB')]",[],{},[]
@TanmayBhatYT & The OG Gang REACT To MAAMLA LEGAL HAI! üòÇ | Netflix India,"Tanmay bhatt in & as - Donald Trump üòÇüòÖ 
Missed this üòÇ",tanmay bhatt donald trump missed,tanmay bhatt donald trump missed,"[('tanmay', 'PROPN'), ('bhatt', 'PROPN'), ('donald', 'PROPN'), ('trump', 'PROPN'), ('missed', 'VERB')]",[],{},"['tanmay', 'bhatt', 'donald']"
@TanmayBhatYT & The OG Gang REACT To MAAMLA LEGAL HAI! üòÇ | Netflix India,Tanmay and OG panel Makes Me watch Everything they post Even during ExamsüòÇ......Ab Tanmay bhai ki wajah se subscription bhi lena padega dubaraüòÖ,tanmay og panel make watch everything post even examsab tanmay bhai ki wajah se subscription bhi lena padega dubara,"Due to Tanmay Vog Panel Make Watch Everything Post and Examsab Tanmay Bhai, you will also have to take subscription again","[('Due', 'ADP'), ('to', 'ADP'), ('Tanmay', 'PROPN'), ('Vog', 'PROPN'), ('Panel', 'PROPN'), ('Make', 'VERB'), ('Watch', 'VERB'), ('Everything', 'PROPN'), ('Post', 'PROPN'), ('and', 'CCONJ'), ('Examsab', 'PROPN'), ('Tanmay', 'PROPN'), ('Bhai', 'PROPN'), (',', 'PUNCT'), ('you', 'PRON'), ('will', 'AUX'), ('also', 'ADV'), ('have', 'VERB'), ('to', 'PART'), ('take', 'VERB'), ('subscription', 'NOUN'), ('again', 'ADV')]",['subscription'],{'subscription': 'Neutral'},"['Tanmay', 'Vog', 'Everything', 'Examsab', 'Tanmay']"
@TanmayBhatYT & The OG Gang REACT To MAAMLA LEGAL HAI! üòÇ | Netflix India,Netflix should have made Bassi (Honorary Advocate üòÇ) a part of the panel !,netflix made basso honorary advocate part panel,Netflix Made Basso Honorary Advocate Part Panel,"[('Netflix', 'PROPN'), ('Made', 'VERB'), ('Basso', 'PROPN'), ('Honorary', 'PROPN'), ('Advocate', 'PROPN'), ('Part', 'PROPN'), ('Panel', 'PROPN')]",[],{},"['Basso', 'Honorary', 'Advocate', 'Part']"
@TanmayBhatYT & The OG Gang REACT To MAAMLA LEGAL HAI! üòÇ | Netflix India,"sad punjabi aadmi pe they could've plugged in Kohra , rookie mistake lol.",sad punjabi aadmi pe couldve plugged kohra rookie mistake lol,Saad Punjabi man Po Coldway Pluggad Fog Stop Mistake Lol,"[('Saad', 'PROPN'), ('Punjabi', 'PROPN'), ('man', 'NOUN'), ('Po', 'PROPN'), ('Coldway', 'PROPN'), ('Pluggad', 'PROPN'), ('Fog', 'PROPN'), ('Stop', 'PROPN'), ('Mistake', 'PROPN'), ('Lol', 'PROPN')]",[],{'man': 'Neutral'},"['Saad', 'Punjabi', 'Po', 'Coldway', 'Pluggad', 'Fog', 'Stop', 'Mistake']"
@TanmayBhatYT & The OG Gang REACT To MAAMLA LEGAL HAI! üòÇ | Netflix India,Abhi jake dekhta hun,abhi jake dekhta hun,I see jack now,"[('I', 'PRON'), ('see', 'VERB'), ('jack', 'NOUN'), ('now', 'ADV')]",['jack'],{'jack': 'Neutral'},[]
@TanmayBhatYT & The OG Gang REACT To MAAMLA LEGAL HAI! üòÇ | Netflix India,Tvf's one person's talent>>>>>>>>>> all these panelists combined,tvfs one person talent panelist combined,TVFS One Person Talent Panelist Combined,"[('TVFS', 'PROPN'), ('One', 'NUM'), ('Person', 'PROPN'), ('Talent', 'PROPN'), ('Panelist', 'PROPN'), ('Combined', 'PROPN')]",[],{},"['TVFS', 'Person', 'Talent', 'Panelist']"
@TanmayBhatYT & The OG Gang REACT To MAAMLA LEGAL HAI! üòÇ | Netflix India,Bhai Netflix ek ghost investigation wale ko bhi le aao sagar tiwari ya deepak verma koü§îü§î usko bhi bhala ho jaye..,bhai netflix ek ghost investigation wale ko bhi le aao sagar tiwari ya deepak verma ko usko bhi bhala ho jaye,Brother Netflix also bring a ghost investigation to Sagar Tiwari or Deepak Verma.,"[('Brother', 'PROPN'), ('Netflix', 'PROPN'), ('also', 'ADV'), ('bring', 'VERB'), ('a', 'DET'), ('ghost', 'NOUN'), ('investigation', 'NOUN'), ('to', 'ADP'), ('Sagar', 'PROPN'), ('Tiwari', 'PROPN'), ('or', 'CCONJ'), ('Deepak', 'PROPN'), ('Verma', 'PROPN'), ('.', 'PUNCT')]","['ghost', 'investigation']","{'ghost': 'Neutral', 'investigation': 'Neutral'}","['Brother', 'Sagar', 'Deepak']"
@TanmayBhatYT & The OG Gang REACT To MAAMLA LEGAL HAI! üòÇ | Netflix India,Indian Version of suits üòÇüòÇ,indian version suit,indian version suit,"[('indian', 'PROPN'), ('version', 'NOUN'), ('suit', 'NOUN')]","['version', 'suit']","{'version': 'Neutral', 'suit': 'Neutral'}",[]
@TanmayBhatYT & The OG Gang REACT To MAAMLA LEGAL HAI! üòÇ | Netflix India,9 min ke baad Tnmay ki shakal dekhiyo üòÖ,min ke baad tnmay ki shakal dekhiyo,See Tanmay's Shakal after me,"[('See', 'VERB'), ('Tanmay', 'PROPN'), (""'s"", 'PART'), ('Shakal', 'PROPN'), ('after', 'ADP'), ('me', 'PRON')]",[],{},[]
@TanmayBhatYT & The OG Gang REACT To MAAMLA LEGAL HAI! üòÇ | Netflix India,This show is fantastic must watch‚ù§,show fantastic must watch,show fantastic must watch,"[('show', 'VERB'), ('fantastic', 'PROPN'), ('must', 'AUX'), ('watch', 'VERB')]",[],{},[]
@TanmayBhatYT & The OG Gang REACT To MAAMLA LEGAL HAI! üòÇ | Netflix India,Netflix bhai Hi kardena oo bhi ligali üòÇ,netflix bhai hi kardena oo bhi ligali,Netflix brother is the only one,"[('Netflix', 'PROPN'), ('brother', 'NOUN'), ('is', 'AUX'), ('the', 'DET'), ('only', 'ADJ'), ('one', 'NUM')]",['brother'],{'brother': 'Neutral'},['Netflix']
@TanmayBhatYT & The OG Gang REACT To MAAMLA LEGAL HAI! üòÇ | Netflix India,phir bhi netflix ka subscription nahi lunga...,phir bhi netflix ka subscription nahi lunga,Still I will not subscribe to Netflix,"[('Still', 'ADV'), ('I', 'PRON'), ('will', 'AUX'), ('not', 'PART'), ('subscribe', 'VERB'), ('to', 'ADP'), ('Netflix', 'PROPN')]",[],{},[]
@TanmayBhatYT & The OG Gang REACT To MAAMLA LEGAL HAI! üòÇ | Netflix India,I want to ask how tamany is related to legal issues?? üòÆ,want ask tamany related legal issue,Want ask tamany related legal issue,"[('Want', 'VERB'), ('ask', 'VERB'), ('tamany', 'NOUN'), ('related', 'VERB'), ('legal', 'ADJ'), ('issue', 'NOUN')]","['tamany', 'issue']","{'tamany': 'Neutral', 'issue': 'Neutral'}",[]
@TanmayBhatYT & The OG Gang REACT To MAAMLA LEGAL HAI! üòÇ | Netflix India,arey netflix mujhe v lelo video me,arey netflix mujhe v lelo video,Hey Netflix take me and video,"[('Hey', 'INTJ'), ('Netflix', 'PROPN'), ('take', 'VERB'), ('me', 'PRON'), ('and', 'CCONJ'), ('video', 'NOUN')]",['video'],{'video': 'Neutral'},[]
@TanmayBhatYT & The OG Gang REACT To MAAMLA LEGAL HAI! üòÇ | Netflix India,Yo yo yo welcome to tanmays 2nd channel,yo yo yo welcome tanmays nd channel,yo yo welcome tanmays nd channel,"[('yo', 'PROPN'), ('yo', 'PROPN'), ('welcome', 'PROPN'), ('tanmays', 'NOUN'), ('nd', 'PROPN'), ('channel', 'PROPN')]",[],{'tanmays': 'Neutral'},"['yo', 'yo', 'welcome', 'nd']"
@TanmayBhatYT & The OG Gang REACT To MAAMLA LEGAL HAI! üòÇ | Netflix India,Movie promote karne ka tarika thoda casual hai,movie promote karne ka tarika thoda casual hai,The way to promote the movie is a little casual,"[('The', 'DET'), ('way', 'NOUN'), ('to', 'PART'), ('promote', 'VERB'), ('the', 'DET'), ('movie', 'NOUN'), ('is', 'AUX'), ('a', 'DET'), ('little', 'ADJ'), ('casual', 'NOUN')]","['movie', 'casual']","{'way': 'Neutral', 'movie': 'Neutral', 'casual': 'Negative'}",[]
@TanmayBhatYT & The OG Gang REACT To MAAMLA LEGAL HAI! üòÇ | Netflix India,missing the real lawyer BASSI!,missing real lawyer basso,Missing Real Lawyer Basso,"[('Missing', 'VERB'), ('Real', 'PROPN'), ('Lawyer', 'PROPN'), ('Basso', 'PROPN')]",[],{},"['Real', 'Lawyer']"
@TanmayBhatYT & The OG Gang REACT To MAAMLA LEGAL HAI! üòÇ | Netflix India,"Soch raha tha ki kya likhu
Taki Netflix walo ka reply aa jaye üòÇ",soch raha tha ki kya likhu taki netflix walo ka reply aa jaye,Was wondering what to write so that the reply of Netflix people comes,"[('Was', 'AUX'), ('wondering', 'VERB'), ('what', 'PRON'), ('to', 'PART'), ('write', 'VERB'), ('so', 'SCONJ'), ('that', 'SCONJ'), ('the', 'DET'), ('reply', 'NOUN'), ('of', 'ADP'), ('Netflix', 'PROPN'), ('people', 'NOUN'), ('comes', 'VERB')]",['reply'],"{'reply': 'Neutral', 'people': 'Neutral'}",['Netflix']
@TanmayBhatYT & The OG Gang REACT To MAAMLA LEGAL HAI! üòÇ | Netflix India,"as a lawyer i find it offensive how wrong the opening scene was, no lawyer would  convert a robbery case into decoity ....also, a wrong section can never be a ground for granting of bail, sections are often changed and amended when charge is framed",lawyer find offensive wrong opening scene lawyer would convert robbery case decoity also wrong section never ground granting bail section often changed amended charge framed,Lawyer Find Offensive Wrong Opening Scene Lawyer Would Convert Robbery Case Decoity also Wrong Section Never GROUND GROND GROND GRANTING BAIL SECTION OFEETEN CHANGED AMENGED Ameded Charge Framed,"[('Lawyer', 'PROPN'), ('Find', 'VERB'), ('Offensive', 'PROPN'), ('Wrong', 'PROPN'), ('Opening', 'PROPN'), ('Scene', 'PROPN'), ('Lawyer', 'PROPN'), ('Would', 'AUX'), ('Convert', 'VERB'), ('Robbery', 'PROPN'), ('Case', 'PROPN'), ('Decoity', 'PROPN'), ('also', 'ADV'), ('Wrong', 'PROPN'), ('Section', 'PROPN'), ('Never', 'ADV'), ('GROUND', 'PROPN'), ('GROND', 'PROPN'), ('GROND', 'PROPN'), ('GRANTING', 'VERB'), ('BAIL', 'ADJ'), ('SECTION', 'NOUN'), ('OFEETEN', 'NOUN'), ('CHANGED', 'VERB'), ('AMENGED', 'PROPN'), ('Ameded', 'VERB'), ('Charge', 'PROPN'), ('Framed', 'PROPN')]",['section'],"{'SECTION': 'Neutral', 'OFEETEN': 'Neutral'}","['Offensive', 'Wrong', 'Opening', 'Scene', 'Robbery', 'Case', 'Wrong', 'GROUND', 'GROND', 'Charge']"
@TanmayBhatYT & The OG Gang REACT To MAAMLA LEGAL HAI! üòÇ | Netflix India,Guys This is the Tanmay's main chennal.üî•üòé,guy tanmays main chennal,Singing Tanmay: I channel,"[('Singing', 'PROPN'), ('Tanmay', 'PROPN'), (':', 'PUNCT'), ('I', 'PRON'), ('channel', 'VERB')]",[],{},['Singing']
@TanmayBhatYT & The OG Gang REACT To MAAMLA LEGAL HAI! üòÇ | Netflix India,baigan,baigan,Brinjal,"[('Brinjal', 'PROPN')]",[],{},[]
@TanmayBhatYT & The OG Gang REACT To MAAMLA LEGAL HAI! üòÇ | Netflix India,One of the worst and most typical show I‚Äôve ever seen,one worst typical show ive ever seen,One Worst Typical Show IVE Ever Seen,"[('One', 'NUM'), ('Worst', 'ADJ'), ('Typical', 'ADJ'), ('Show', 'PROPN'), ('IVE', 'PROPN'), ('Ever', 'ADV'), ('Seen', 'VERB')]",[],{},[]
@TanmayBhatYT & The OG Gang REACT To MAAMLA LEGAL HAI! üòÇ | Netflix India,Tanmay got a cut out of this whole show,tanmay got cut whole show,Tanmay Got Cut Whole Show,"[('Tanmay', 'PROPN'), ('Got', 'PROPN'), ('Cut', 'PROPN'), ('Whole', 'PROPN'), ('Show', 'PROPN')]",[],{},"['Tanmay', 'Got', 'Cut', 'Whole']"
@TanmayBhatYT & The OG Gang REACT To MAAMLA LEGAL HAI! üòÇ | Netflix India,AUR HARWARD KAREN SE PHALE SOCH LENA...üòÇüòÇüòÇ,aur harward karen se phale soch lena,And think before harvesting,"[('And', 'CCONJ'), ('think', 'VERB'), ('before', 'ADP'), ('harvesting', 'NOUN')]",['harvesting'],{'harvesting': 'Neutral'},[]
@TanmayBhatYT & The OG Gang REACT To MAAMLA LEGAL HAI! üòÇ | Netflix India,these 2 rupee people ek show pe bik jate hai.,rupee people ek show pe bik jate hai,Rupee Peepal is sold on a show,"[('Rupee', 'PROPN'), ('Peepal', 'PROPN'), ('is', 'AUX'), ('sold', 'VERB'), ('on', 'ADP'), ('a', 'DET'), ('show', 'NOUN')]",['show'],{'show': 'Neutral'},['Rupee']
@TanmayBhatYT & The OG Gang REACT To MAAMLA LEGAL HAI! üòÇ | Netflix India,Inn sabke upar se gaya hai khali Kullu ko samjh aaya hai...,inn sabke upar se gaya hai khali kullu ko samjh aaya hai,Khali Kullu has understood Khali Kullu from all these,"[('Khali', 'PROPN'), ('Kullu', 'PROPN'), ('has', 'AUX'), ('understood', 'VERB'), ('Khali', 'PROPN'), ('Kullu', 'PROPN'), ('from', 'ADP'), ('all', 'DET'), ('these', 'PRON')]",[],{},"['Khali', 'Khali']"
@TanmayBhatYT & The OG Gang REACT To MAAMLA LEGAL HAI! üòÇ | Netflix India,Isse badhiya show nhi dekha maine,isse badhiya show nhi dekha maine,I did not see a better show than this,"[('I', 'PRON'), ('did', 'AUX'), ('not', 'PART'), ('see', 'VERB'), ('a', 'DET'), ('better', 'ADJ'), ('show', 'NOUN'), ('than', 'ADP'), ('this', 'PRON')]",['show'],{'show': 'Neutral'},[]
@TanmayBhatYT & The OG Gang REACT To MAAMLA LEGAL HAI! üòÇ | Netflix India,Harvard ki legal degree India me kaha valid hogi? Can any lawyer comfirm ?,harvard ki legal degree india kaha valid hogi lawyer comfirm,Harvard's legal degree India said Valid will be confirmed,"[('Harvard', 'PROPN'), (""'s"", 'PART'), ('legal', 'ADJ'), ('degree', 'NOUN'), ('India', 'PROPN'), ('said', 'VERB'), ('Valid', 'PROPN'), ('will', 'AUX'), ('be', 'AUX'), ('confirmed', 'VERB')]",['degree'],{'degree': 'Neutral'},[]
@TanmayBhatYT & The OG Gang REACT To MAAMLA LEGAL HAI! üòÇ | Netflix India,"I binge watched it when it was released on Netflix.

Every character is soo well written and well played...

Comedy kahin bhi over nhi lagti. VD tyagi deserves his own show ‚ù§

Must watch show hai bhai",binge watched released netflix every character soo well written well played comedy kahin bhi nhi lagti vd tyagi deserves show must watch show hai bhai,Binge Watched Released Netflix Every Character Sooo Well Played Comedy Kahin Bhi Nhi Lagti VD Tyagi deserves shows shows shows show MUST WATCH SHOW HAI BHAI BHAI,"[('Binge', 'PROPN'), ('Watched', 'VERB'), ('Released', 'PROPN'), ('Netflix', 'PROPN'), ('Every', 'DET'), ('Character', 'PROPN'), ('Sooo', 'PROPN'), ('Well', 'INTJ'), ('Played', 'PROPN'), ('Comedy', 'PROPN'), ('Kahin', 'PROPN'), ('Bhi', 'PROPN'), ('Nhi', 'PROPN'), ('Lagti', 'PROPN'), ('VD', 'PROPN'), ('Tyagi', 'PROPN'), ('deserves', 'VERB'), ('shows', 'NOUN'), ('shows', 'NOUN'), ('shows', 'NOUN'), ('show', 'NOUN'), ('MUST', 'AUX'), ('WATCH', 'VERB'), ('SHOW', 'PROPN'), ('HAI', 'PROPN'), ('BHAI', 'VERB'), ('BHAI', 'VERB')]",['show'],"{'shows': 'Neutral', 'show': 'Neutral'}","['Released', 'Character', 'Played', 'Comedy', 'Kahin', 'Bhi', 'Lagti', 'VD', 'SHOW']"
@TanmayBhatYT & The OG Gang REACT To MAAMLA LEGAL HAI! üòÇ | Netflix India,Very Filtered Review,filtered review,Filted review,"[('Filted', 'ADJ'), ('review', 'NOUN')]",['review'],{'review': 'Neutral'},[]
@TanmayBhatYT & The OG Gang REACT To MAAMLA LEGAL HAI! üòÇ | Netflix India,Kis kis ke phone me Netflix install nhi hai üòÇ,ki ki ke phone netflix install nhi hai,Ki Ki Phone Netflix is not installed,"[('Ki', 'PROPN'), ('Ki', 'PROPN'), ('Phone', 'PROPN'), ('Netflix', 'PROPN'), ('is', 'AUX'), ('not', 'PART'), ('installed', 'VERB')]",[],{},"['Ki', 'Ki', 'Phone']"
@TanmayBhatYT & The OG Gang REACT To MAAMLA LEGAL HAI! üòÇ | Netflix India,Behtreeen show,behtreeen show,Great show,"[('Great', 'ADJ'), ('show', 'NOUN')]",['show'],{'show': 'Neutral'},[]
@TanmayBhatYT & The OG Gang REACT To MAAMLA LEGAL HAI! üòÇ | Netflix India,nice one,nice one,nice one,"[('nice', 'ADJ'), ('one', 'NUM')]",[],{},[]
@TanmayBhatYT & The OG Gang REACT To MAAMLA LEGAL HAI! üòÇ | Netflix India,this show is actually good,show actually good,show actually good,"[('show', 'VERB'), ('actually', 'ADV'), ('good', 'ADJ')]",[],{},[]
@TanmayBhatYT & The OG Gang REACT To MAAMLA LEGAL HAI! üòÇ | Netflix India,"I'm waiting session 2 üòÇüòÇüòÇ
Amazing session",im waiting session amazing session,Im Waiting Session Amazing Session,"[('I', 'PRON'), ('m', 'AUX'), ('Waiting', 'PROPN'), ('Session', 'PROPN'), ('Amazing', 'PROPN'), ('Session', 'PROPN')]",[],{},"['Session', 'Amazing']"
@TanmayBhatYT & The OG Gang REACT To MAAMLA LEGAL HAI! üòÇ | Netflix India,I'm confused tanmayüòÇwhich one is your main channel üòÖ,im confused tanmaywhich one main channel,I'm confused tanmay which one main channel,"[('I', 'PRON'), (""'m"", 'AUX'), ('confused', 'ADJ'), ('tanmay', 'NOUN'), ('which', 'DET'), ('one', 'NUM'), ('main', 'ADJ'), ('channel', 'NOUN')]","['tanmay', 'channel']","{'tanmay': 'Neutral', 'channel': 'Neutral'}",[]
@TanmayBhatYT & The OG Gang REACT To MAAMLA LEGAL HAI! üòÇ | Netflix India,"The actor who played the judge's role in the first scene had also acted in TVF's Sapne vs. Everyone, where he played a negative role. His acting in that series was so good that now I'm thinking of filing a case against that judge.üòÇ",actor played judge role first scene also acted tvfs sapne v everyone played negative role acting series good im thinking filing case judge,Actor Played Judge Role First Scene also Accep Sapne vs Everyone Played Negative Role Acting Series Good Im Thinking Filing Case Judge,"[('Actor', 'NOUN'), ('Played', 'PROPN'), ('Judge', 'PROPN'), ('Role', 'PROPN'), ('First', 'PROPN'), ('Scene', 'PROPN'), ('also', 'ADV'), ('Accep', 'PROPN'), ('Sapne', 'PROPN'), ('vs', 'ADP'), ('Everyone', 'PRON'), ('Played', 'PROPN'), ('Negative', 'PROPN'), ('Role', 'PROPN'), ('Acting', 'PROPN'), ('Series', 'PROPN'), ('Good', 'PROPN'), ('I', 'PRON'), ('m', 'AUX'), ('Thinking', 'VERB'), ('Filing', 'PROPN'), ('Case', 'PROPN'), ('Judge', 'NOUN')]","['actor', 'everyone', 'judge']","{'Actor': 'Neutral', 'Judge': 'Neutral'}","['Played', 'Judge', 'Role', 'First', 'Accep', 'Played', 'Negative', 'Role', 'Acting', 'Series', 'Filing', 'Case']"
@TanmayBhatYT & The OG Gang REACT To MAAMLA LEGAL HAI! üòÇ | Netflix India,Itna bhus reaction diya h sabne ki kyu hai ye no1 trending show,itna bhus reaction diya h sabne ki kyu hai ye trending show,Why did everyone have given this trending show,"[('Why', 'SCONJ'), ('did', 'AUX'), ('everyone', 'PRON'), ('have', 'AUX'), ('given', 'VERB'), ('this', 'DET'), ('trending', 'NOUN'), ('show', 'NOUN')]","['everyone', 'trending', 'show']","{'trending': 'Neutral', 'show': 'Neutral'}",[]
@TanmayBhatYT & The OG Gang REACT To MAAMLA LEGAL HAI! üòÇ | Netflix India,my father is a litigation director and this series is so relatableüò≠,father litigation director series relatable,Father Litigation Director Series Relatable,"[('Father', 'PROPN'), ('Litigation', 'PROPN'), ('Director', 'PROPN'), ('Series', 'PROPN'), ('Relatable', 'PROPN')]",[],{},"['Father', 'Litigation', 'Director', 'Series']"
@TanmayBhatYT & The OG Gang REACT To MAAMLA LEGAL HAI! üòÇ | Netflix India,Tanmay Netflix YouTube ki Doana hai ü§£ü§£ü§£,tanmay netflix youtube ki doana hai,Tanmay Netflix is the couplet of YouTube,"[('Tanmay', 'PROPN'), ('Netflix', 'PROPN'), ('is', 'AUX'), ('the', 'DET'), ('couplet', 'NOUN'), ('of', 'ADP'), ('YouTube', 'PROPN')]",['couplet'],{'couplet': 'Neutral'},['Tanmay']
@TanmayBhatYT & The OG Gang REACT To MAAMLA LEGAL HAI! üòÇ | Netflix India,Agar Netflix ne ye comment ko pin nahi kiya toh kal se Subscription bandüòÇ,agar netflix ne ye comment ko pin nahi kiya toh kal se subscription band,"If Netflix did not pin this comment, then the subscription closed from tomorrow","[('If', 'SCONJ'), ('Netflix', 'PROPN'), ('did', 'AUX'), ('not', 'PART'), ('pin', 'VERB'), ('this', 'DET'), ('comment', 'NOUN'), (',', 'PUNCT'), ('then', 'ADV'), ('the', 'DET'), ('subscription', 'NOUN'), ('closed', 'VERB'), ('from', 'ADP'), ('tomorrow', 'NOUN')]","['comment', 'subscription', 'tomorrow']","{'comment': 'Neutral', 'subscription': 'Neutral', 'tomorrow': 'Neutral'}",[]
@TanmayBhatYT & The OG Gang REACT To MAAMLA LEGAL HAI! üòÇ | Netflix India,Nidhi razdan √ó Omar Abdullah,nidhi razdan omar abdullah,nidhi razdan omar abdullah,"[('nidhi', 'PROPN'), ('razdan', 'PROPN'), ('omar', 'PROPN'), ('abdullah', 'PROPN')]",[],{},"['nidhi', 'razdan', 'omar']"
@TanmayBhatYT & The OG Gang REACT To MAAMLA LEGAL HAI! üòÇ | Netflix India,Tyagi ek vakeel hi nahi MP bhi hai‚ù§üòÇ,tyagi ek vakeel hi nahi mp bhi hai,Tyagi is not only a lawyer but also,"[('Tyagi', 'PROPN'), ('is', 'AUX'), ('not', 'PART'), ('only', 'ADV'), ('a', 'DET'), ('lawyer', 'NOUN'), ('but', 'CCONJ'), ('also', 'ADV')]",['lawyer'],{'lawyer': 'Neutral'},[]
@TanmayBhatYT & The OG Gang REACT To MAAMLA LEGAL HAI! üòÇ | Netflix India,Bassi should have been here ü•≤üåö,basso,Basso,"[('Basso', 'NOUN')]",[],{'Basso': 'Neutral'},[]
@TanmayBhatYT & The OG Gang REACT To MAAMLA LEGAL HAI! üòÇ | Netflix India,Igragious kullu üòÇüòÇüòÇ,igragious kullu,igragious kullu,"[('igragious', 'PROPN'), ('kullu', 'PROPN')]",[],{},[]
@TanmayBhatYT & The OG Gang REACT To MAAMLA LEGAL HAI! üòÇ | Netflix India,Isse mast zindagi ho skti he kya jaha apko khud movie dekhne ka aur khud k h entertainment krane ka dusre ki or se paisa mile....,isse mast zindagi ho skti kya jaha apko khud movie dekhne ka aur khud k h entertainment krane ka dusre ki se paisa mile,Can this make a happy life where you get money from watching a movie yourself and you can entertain yourself.,"[('Can', 'AUX'), ('this', 'PRON'), ('make', 'VERB'), ('a', 'DET'), ('happy', 'ADJ'), ('life', 'NOUN'), ('where', 'SCONJ'), ('you', 'PRON'), ('get', 'VERB'), ('money', 'NOUN'), ('from', 'ADP'), ('watching', 'VERB'), ('a', 'DET'), ('movie', 'NOUN'), ('yourself', 'PRON'), ('and', 'CCONJ'), ('you', 'PRON'), ('can', 'AUX'), ('entertain', 'VERB'), ('yourself', 'PRON'), ('.', 'PUNCT')]","['life', 'money', 'movie']","{'life': 'Neutral', 'money': 'Neutral', 'movie': 'Neutral'}",[]
@TanmayBhatYT & The OG Gang REACT To MAAMLA LEGAL HAI! üòÇ | Netflix India,Netflix using the same Open mouth Vishal for thumbnail,netflix using open mouth vishal thumbnail,Netflix Using Open Mouth Vishal Thumbnail,"[('Netflix', 'PROPN'), ('Using', 'VERB'), ('Open', 'PROPN'), ('Mouth', 'PROPN'), ('Vishal', 'PROPN'), ('Thumbnail', 'PROPN')]",[],{},"['Open', 'Mouth', 'Vishal']"
@TanmayBhatYT & The OG Gang REACT To MAAMLA LEGAL HAI! üòÇ | Netflix India,ab toh dekhna hi padega üòÄüíØüëçüôÑ,ab toh dekhna hi padega,Now you have to see,"[('Now', 'ADV'), ('you', 'PRON'), ('have', 'VERB'), ('to', 'PART'), ('see', 'VERB')]",[],{},[]
@TanmayBhatYT & The OG Gang REACT To MAAMLA LEGAL HAI! üòÇ | Netflix India,‚ù§love  ‚ù§ from  kashmir ‚ù§,love kashmir,love kashmir,"[('love', 'VERB'), ('kashmir', 'PROPN')]",[],{},[]
@TanmayBhatYT & The OG Gang REACT To MAAMLA LEGAL HAI! üòÇ | Netflix India,Should've got bassi lawyer,shouldve got basso lawyer,Should've Got Bassi Lawyer,"[('Should', 'AUX'), (""'ve"", 'AUX'), ('Got', 'VERB'), ('Bassi', 'PROPN'), ('Lawyer', 'PROPN')]",[],{},['Bassi']
@TanmayBhatYT & The OG Gang REACT To MAAMLA LEGAL HAI! üòÇ | Netflix India,"lol, Netflix paying Tanmya to hype it's substandard mediocre shows. and viewers falling for it miserably.",lol netflix paying tanmya hype substandard mediocre show viewer falling miserably,LOL NETFLIX Paying Tanmay Hype Substandard MediCre Show Viewer Failing Misrably,"[('LOL', 'PROPN'), ('NETFLIX', 'PROPN'), ('Paying', 'VERB'), ('Tanmay', 'PROPN'), ('Hype', 'PROPN'), ('Substandard', 'PROPN'), ('MediCre', 'PROPN'), ('Show', 'PROPN'), ('Viewer', 'PROPN'), ('Failing', 'VERB'), ('Misrably', 'ADV')]",[],{},"['LOL', 'Tanmay', 'Hype', 'Substandard', 'MediCre', 'Show']"
@TanmayBhatYT & The OG Gang REACT To MAAMLA LEGAL HAI! üòÇ | Netflix India,og gang's reaction (and ofcourse the show itself) successfully convinced me to finally watch the show. @netflixindia plz never stop inviting them for reactions,og gang reaction ofcourse show successfully convinced finally watch show netflixindia plz never stop inviting reaction,Og gang reaction ofcoures show successfully convined finally watch show netflixindia plz never stop inviting reaction,"[('Og', 'PROPN'), ('gang', 'NOUN'), ('reaction', 'NOUN'), ('ofcoures', 'NOUN'), ('show', 'VERB'), ('successfully', 'ADV'), ('convined', 'VERB'), ('finally', 'ADV'), ('watch', 'VERB'), ('show', 'NOUN'), ('netflixindia', 'NOUN'), ('plz', 'AUX'), ('never', 'ADV'), ('stop', 'VERB'), ('inviting', 'VERB'), ('reaction', 'NOUN')]","['gang', 'reaction', 'show', 'netflixindia', 'reaction']","{'gang': 'Neutral', 'reaction': 'Neutral', 'ofcoures': 'Neutral', 'show': 'Neutral', 'netflixindia': 'Neutral'}",['Og']
@TanmayBhatYT & The OG Gang REACT To MAAMLA LEGAL HAI! üòÇ | Netflix India,*no one can replace tanmayüíØüî•*,one replace tanmay,One replace tanmay,"[('One', 'NUM'), ('replace', 'NOUN'), ('tanmay', 'NOUN')]","['replace', 'tanmay']","{'replace': 'Neutral', 'tanmay': 'Neutral'}",[]
@TanmayBhatYT & The OG Gang REACT To MAAMLA LEGAL HAI! üòÇ | Netflix India,When mismatched season 3 will come..... I am so excited for it can't wait,mismatched season come excited cant wait,Mismatched Season Come Excted Cant Wait,"[('Mismatched', 'VERB'), ('Season', 'PROPN'), ('Come', 'VERB'), ('Excted', 'PROPN'), ('Ca', 'AUX'), ('nt', 'PART'), ('Wait', 'VERB')]",[],{},"['Season', 'Come']"
@TanmayBhatYT & The OG Gang REACT To MAAMLA LEGAL HAI! üòÇ | Netflix India,"under 20 commentss babyy
Netflix will like this if netflix loves tanmay",comment baby netflix like netflix love tanmay,Comment Baby Netflix Like Netflix Love Tanmay,"[('Comment', 'NOUN'), ('Baby', 'PROPN'), ('Netflix', 'PROPN'), ('Like', 'ADP'), ('Netflix', 'PROPN'), ('Love', 'PROPN'), ('Tanmay', 'PROPN')]",['comment'],{'Comment': 'Neutral'},"['Baby', 'Netflix', 'Love']"
@TanmayBhatYT & The OG Gang REACT To MAAMLA LEGAL HAI! üòÇ | Netflix India,12th here,th,Fold,"[('Fold', 'VERB')]",[],{},[]
@TanmayBhatYT & The OG Gang REACT To MAAMLA LEGAL HAI! üòÇ | Netflix India,Second ü•à,second,second,"[('second', 'ADV')]",[],{},[]
@TanmayBhatYT & The OG Gang REACT To MAAMLA LEGAL HAI! üòÇ | Netflix India,üëàüëàüëàüëàüëàüëà kahani video,kahani video,Story video,"[('Story', 'NOUN'), ('video', 'NOUN')]","['story', 'video']","{'Story': 'Neutral', 'video': 'Neutral'}",[]
@TanmayBhatYT & The OG Gang REACT To MAAMLA LEGAL HAI! üòÇ | Netflix India,Nice show üòÆüòÆüòÆüòÆ,nice show,nice show,"[('nice', 'ADJ'), ('show', 'NOUN')]",['show'],{'show': 'Neutral'},[]
@TanmayBhatYT & The OG Gang REACT To MAAMLA LEGAL HAI! üòÇ | Netflix India,Tanmay's second channel,tanmays second channel,Tanmays Second Channel,"[('Tanmays', 'PROPN'), ('Second', 'PROPN'), ('Channel', 'PROPN')]",[],{},"['Tanmays', 'Second']"
@TanmayBhatYT & The OG Gang REACT To MAAMLA LEGAL HAI! üòÇ | Netflix India,First here,first,first,"[('first', 'ADV')]",[],{},[]
@TanmayBhatYT & The OG Gang REACT To MAAMLA LEGAL HAI! üòÇ | Netflix India,Tanmay bhai,tanmay bhai,tanmay bhai,"[('tanmay', 'PROPN'), ('bhai', 'PROPN')]",[],{},[]
@TanmayBhatYT & The OG Gang REACT To MAAMLA LEGAL HAI! üòÇ | Netflix India,Doggy,doggy,doggy,"[('doggy', 'PROPN')]",[],{},[]
@TanmayBhatYT & The OG Gang REACT To MAAMLA LEGAL HAI! üòÇ | Netflix India,First,first,first,"[('first', 'ADV')]",[],{},[]
